site;enviro;enviro2;sp_01;sp_02;sp_03;sp_04;sp_05;sp_06;sp_07;sp_08;sp_09;sp_10;sp_11;sp_12;sp_13;sp_14;sp_15;sp_16;sp_17;sp_18;sp_19;sp_20
1;0.009321528693784359;-0.00192487521835417;0;0;0;0;1;0;1;0;0;3;3;3;4;4;5;4;3;2;3;4
2;0.0156844337182738;0.0143561912159827;0;0;0;0;0;0;0;0;0;2;0;0;4;1;3;5;7;8;5;5
3;0.00503834348752727;-0.008110439851404909;0;0;0;0;0;1;0;5;0;5;4;5;2;4;3;3;2;3;3;0
4;0.0049019503497932295;-0.00824430168129364;0;0;0;0;0;2;0;0;1;4;4;4;2;5;6;6;2;2;0;2
5;-0.0113647473683306;0.0037261520675792702;5;5;4;4;6;4;1;3;3;3;1;0;0;0;0;0;1;0;0;0
6;0.0105508089426719;0.000559844899637566;0;0;0;0;0;0;0;0;0;1;7;3;5;4;9;4;0;1;3;3
7;-0.00477115140134748;-0.0078035182945212596;3;1;1;4;3;4;4;3;4;4;2;4;1;2;0;0;0;0;0;0
8;0.0053627021401536105;-0.00777645433579134;0;0;0;0;0;1;0;3;5;6;4;2;1;4;1;4;4;3;0;2
9;-0.00985410699046029;0.000280715910343689;3;9;4;3;4;5;2;4;4;0;1;1;0;0;0;0;0;0;0;0
10;-0.0106723876537514;0.00208771827511626;0;2;3;6;3;1;6;7;3;2;3;1;2;1;0;0;0;0;0;0
11;-0.00014130578537164;-0.010459075924941;0;1;1;2;3;1;2;2;8;2;2;5;7;1;2;0;1;0;0;0
12;-0.014905717990287;0.0136750720422076;10;4;8;4;5;3;3;0;1;0;1;1;0;0;0;0;0;0;0;0
13;-0.0013696784089850301;-0.0101919600362725;0;0;5;3;2;3;2;4;1;5;2;4;2;4;0;1;2;0;0;0
14;-0.0148766894983285;0.0135828385606138;5;5;12;1;7;2;3;2;1;0;1;0;0;0;1;0;0;0;0;0
15;0.0067049023469924396;-0.00616022954094531;0;0;0;0;0;0;0;1;2;3;5;3;5;4;4;3;2;3;2;3
16;0.0056082301179166;-0.00750898985788894;0;0;0;0;0;1;1;2;3;3;5;3;4;5;4;1;2;1;4;1
17;-0.0163029835033711;0.0183233127900746;8;6;10;3;2;6;3;0;1;0;0;0;1;0;0;0;0;0;0;0
18;-0.0134091025193203;0.009149765436855471;6;3;4;4;7;6;6;0;0;3;0;0;0;1;0;0;0;0;0;0
19;0.0124905396079736;0.0051241500930865;0;0;0;0;0;0;1;1;0;2;1;4;2;4;4;3;4;4;2;8
20;-0.00412244936536012;-0.00844598054845166;3;0;0;3;5;1;3;3;5;5;2;6;1;1;0;1;1;0;0;0
21;-0.007978016756663;-0.0033330154935502;3;3;0;6;5;4;2;6;2;4;0;3;0;1;1;0;0;0;0;0
22;-0.00514252294923057;-0.00739605754872483;3;1;1;2;3;6;7;2;4;3;4;0;1;0;3;0;0;0;0;0
23;0.0155777296726116;0.0140132718517628;0;0;0;0;0;0;0;0;0;0;0;2;2;2;4;3;2;9;6;10
24;0.0128302169672857;0.00600449355689113;0;0;0;0;0;0;0;0;0;1;1;4;3;3;4;5;7;2;5;5
25;0.00829099982525879;-0.00376404855450135;0;0;0;0;0;0;0;1;1;0;8;4;5;6;1;5;3;3;1;2
26;0.00185209535654354;-0.010220167175103;1;0;1;0;0;1;2;1;10;7;3;3;3;3;1;1;2;0;0;1
27;0.000504011998398226;-0.010472813657683001;0;3;1;1;2;1;2;3;7;3;4;4;3;0;1;2;1;0;1;1
28;-0.009336341101223179;-0.000790238161816555;1;4;4;3;6;8;2;2;4;2;2;2;0;0;0;0;0;0;0;0
29;0.0172801611233079;0.0197688660267922;0;0;0;0;0;0;0;0;0;1;0;1;2;3;3;6;4;8;8;4
30;-0.00196156314537189;-0.00995045468129665;1;0;1;2;4;6;4;2;6;4;3;3;1;1;1;1;0;0;0;0
31;-0.00817928529483118;-0.00298062300953703;2;1;4;5;6;6;2;2;5;0;4;0;0;2;1;0;0;0;0;0
32;0.0120023126781728;0.00390112840892206;0;0;0;0;0;0;0;1;0;0;1;4;2;4;7;2;6;3;7;3
33;0.005780966576282329;-0.007313256206807191;0;0;0;0;1;1;0;1;2;2;3;5;8;3;2;1;6;2;1;2
34;0.0159551589319582;0.0152369301731605;0;0;0;0;0;0;0;1;1;2;2;1;1;1;3;3;3;6;9;7
35;-0.00987076015165673;0.000316093302209602;2;7;3;6;2;4;4;4;0;6;0;1;1;0;0;0;0;0;0;0
36;-0.0127008261605623;0.007171654712698659;1;8;7;9;4;6;0;2;2;1;0;0;0;0;0;0;0;0;0;0
37;0.00326384604289265;-0.009547674710167429;0;0;1;0;0;1;0;3;3;4;3;4;4;2;3;7;2;2;1;0
38;-0.00259873786050344;-0.009608480109151009;0;1;2;4;7;2;0;2;3;3;4;9;0;0;2;0;1;0;0;0
39;0.0122464234467968;0.004506393552718689;0;0;0;0;0;0;0;0;0;0;0;1;0;5;4;7;9;7;5;2
40;0.0053668956716910006;-0.007771992092859509;0;0;0;0;0;2;2;2;3;4;1;7;3;3;3;3;2;2;1;2
41;0.0019935429761965802;-0.0101715999091048;1;0;0;3;2;2;1;3;2;2;4;6;7;2;2;1;2;0;0;0
42;0.0163465071134863;0.0165372134680039;0;0;0;0;0;0;0;0;1;1;1;0;3;3;3;1;5;13;6;3
43;-0.0173938379276501;0.0222363868964977;9;8;10;4;3;2;1;1;2;0;0;0;0;0;0;0;0;0;0;0
44;0.0131991609414689;0.00698805917985703;0;0;0;0;0;0;1;0;0;3;2;2;2;3;4;8;2;5;5;3
45;0.00145585375122595;-0.0103339143012514;0;1;1;1;1;2;1;6;4;4;0;1;4;4;4;3;0;1;1;1
46;0.0170545711559591;0.0189713092336026;0;0;0;0;0;0;0;0;1;1;0;0;0;6;4;3;6;8;6;5
47;0.00815674401305365;-0.0039872812251488;0;0;0;1;0;0;1;0;0;3;4;5;5;3;5;3;1;6;1;2
48;-0.00637945826963144;-0.0058306410872533704;2;2;1;3;4;3;3;5;3;1;5;4;1;2;0;1;0;0;0;0
49;-0.0038807850650163203;-0.008662793025872209;0;1;4;4;0;3;7;2;3;3;4;2;3;1;1;0;1;1;0;0
50;0.0158601305230011;0.0149260302308785;0;0;0;0;0;0;0;0;0;0;3;1;2;2;1;5;9;4;5;8
51;-0.014666187447964;0.0129192802190243;7;6;5;5;3;2;4;2;3;0;2;1;0;0;0;0;0;0;0;0
52;0.00916107251520455;-0.0022258559366320303;0;0;0;0;0;0;0;0;0;3;3;4;6;7;7;4;2;1;1;2
53;-0.00504979531878695;-0.007500501397073421;2;2;3;2;2;2;0;2;7;3;5;2;3;2;2;1;0;0;0;0
54;0.0112332319908451;0.00207579787532316;0;0;0;0;0;0;0;0;2;1;0;4;4;5;6;3;5;5;2;3
55;0.0120066107988098;0.00391167755273585;0;0;0;0;0;0;0;1;2;0;0;2;3;4;3;5;4;3;7;6
56;-0.00878486997281094;-0.00186917461774377;3;5;8;3;5;4;1;2;2;4;1;1;0;1;0;0;0;0;0;0
57;-0.0141467855671941;0.0113216790516355;5;5;6;6;2;5;1;4;2;2;1;0;1;0;0;0;0;0;0;0
58;0.00331655738006848;-0.00951448364600626;0;0;0;0;2;3;3;2;4;1;2;4;3;3;7;3;0;0;3;0
59;-0.0152606888937908;0.0148172073147638;4;6;5;9;3;5;1;1;3;2;1;0;0;0;0;0;0;0;0;0
60;-0.00109499960346226;-0.010279116296376;0;1;0;0;2;0;4;4;5;5;3;4;1;4;2;4;0;1;0;0
61;0.0038548044989044398;-0.00914226066013393;0;0;0;0;1;0;2;3;1;2;1;8;6;3;4;2;2;1;3;1
62;0.00352932335295337;-0.00937459634681752;0;0;0;0;0;1;1;3;4;5;3;3;6;2;5;3;1;0;1;2
63;0.00156644896559123;-0.010305473723241998;0;0;0;2;0;3;1;5;5;3;1;3;5;6;3;0;2;0;0;1
64;-0.00609732671656046;-0.00621589850818845;2;5;1;6;2;5;3;3;4;4;2;3;0;0;0;0;0;0;0;0
65;0.00616421292196917;-0.00685667819975177;0;0;0;0;0;0;2;1;3;4;4;3;4;3;6;4;3;3;0;0
66;0.0030304086889199103;-0.009687671188407321;0;0;0;0;2;0;2;2;2;5;4;4;2;9;2;2;1;2;1;0
67;0.00756670406652528;-0.00492362196808732;0;0;0;0;0;0;0;1;1;1;4;1;7;3;6;5;7;0;3;1
68;0.0161479441256214;0.0158734655056521;0;0;0;0;0;0;0;0;0;1;1;2;1;2;3;5;6;3;10;6
69;-0.00257858485817299;-0.00962059818791361;0;1;1;0;1;6;4;3;6;4;3;4;4;0;2;0;1;0;0;0
70;-0.0010006748689766099;-0.0103054017213546;1;0;3;3;3;2;3;2;3;2;6;2;3;0;2;2;1;1;1;0
71;0.0009875314607732109;-0.0104259626765286;0;0;0;3;0;3;3;2;6;4;3;2;5;4;3;2;0;0;0;0
72;-0.00429682138583633;-0.008281945134872359;0;1;0;0;4;3;3;6;4;5;7;0;2;3;1;0;1;0;0;0
73;0.0160168282986793;0.0154397026368918;0;0;0;0;0;0;0;0;0;0;1;1;2;4;3;6;6;5;6;6
74;-0.00266679809605455;-0.009566926652826041;0;1;2;3;1;6;0;4;3;4;5;4;1;3;2;1;0;0;0;0
75;-0.0144626608257668;0.0122865325267092;7;4;9;4;5;7;2;0;1;1;0;0;0;0;0;0;0;0;0;0
76;-0.004111274633229;-0.00845627577398723;0;1;0;2;2;3;5;4;5;2;4;4;1;3;2;1;0;0;1;0
77;-0.007370808507364129;-0.0043447540571279;0;2;3;3;9;4;4;4;1;1;1;6;1;0;0;0;0;1;0;0
78;-0.00292568248584424;-0.00940000602013163;1;1;2;1;2;2;4;6;2;5;3;4;4;2;1;0;0;0;0;0
79;-0.0150818070309771;0.0142383488466629;8;5;8;6;4;1;2;5;0;0;1;0;0;0;0;0;0;0;0;0
80;-0.0106889003690877;0.00212562636200132;3;8;3;3;4;5;3;2;2;3;1;2;1;0;0;0;0;0;0;0
81;-0.0163221919583633;0.0183900615554594;7;6;5;6;5;7;1;2;0;1;0;0;0;0;0;0;0;0;0;0
82;-0.0160551244563076;0.0174689408688986;8;7;3;9;4;1;4;2;1;1;0;0;0;0;0;0;0;0;0;0
83;-0.00683341782997583;-0.00517576383434666;0;1;3;3;5;6;9;5;1;1;3;2;1;0;0;0;0;0;0;0
84;0.00620372438805574;-0.00680785766603593;0;1;0;0;1;0;2;1;1;2;2;4;6;4;7;3;2;3;0;1
85;-0.0018246046566894603;-0.0100128606885722;1;2;1;1;1;2;5;2;3;7;6;4;2;1;1;0;1;0;0;0
86;0.000713577561350361;-0.0104585183448175;0;0;0;0;2;3;3;2;5;5;4;2;3;0;6;3;1;1;0;0
87;-0.0074475242279477705;-0.00422119009128882;1;4;3;3;5;3;2;6;2;3;1;6;0;0;0;0;1;0;0;0
88;-0.0130521252145344;0.0081396514091072;6;3;5;9;4;0;4;2;3;2;0;1;0;1;0;0;0;0;0;0
89;-0.0112379513230764;0.0034185878857624103;3;4;7;0;6;7;5;2;1;3;2;0;0;0;0;0;0;0;0;0
90;0.000551551654404987;-0.0104703772185495;0;0;0;4;3;1;5;3;1;7;3;2;1;3;3;2;2;0;0;0
91;-0.00689071742860407;-0.00509003699426439;1;1;2;1;6;4;3;9;5;1;3;1;0;1;0;1;1;0;0;0
92;-0.00571692648265068;-0.00670895808154885;0;2;2;3;4;7;1;4;1;6;4;3;0;1;1;0;0;1;0;0
93;-0.0103695817962178;0.00140269284603708;2;5;6;7;5;5;3;2;2;0;1;1;0;0;1;0;0;0;0;0
94;0.00827576192428487;-0.0037895751141139;0;0;0;0;0;1;1;4;1;3;1;5;4;2;2;3;3;3;4;3
95;0.0102911723867256;8.68902224264399e-06;0;0;0;0;0;0;0;0;1;1;4;6;2;4;2;7;2;2;6;3
96;0.0169283839241428;0.0185298309325247;0;0;0;0;0;0;0;0;0;0;1;0;2;1;6;1;6;6;9;8
97;0.000508820239671897;-0.0104725887431321;0;0;0;0;1;1;4;1;3;6;4;7;4;1;4;2;1;1;0;0
98;0.00326206957246735;-0.00954878317687198;0;0;0;0;0;2;1;0;1;2;4;4;7;6;1;5;2;2;2;1
99;0.00406806722252843;-0.00897800010885601;0;0;0;2;1;0;2;4;3;3;5;4;6;3;4;3;0;0;0;0
100;-0.0021153938006137603;-0.009875677499280441;2;0;0;1;3;4;1;3;6;2;2;4;8;1;2;0;1;0;0;0
101;0.0122240025993385;0.00445028136495551;0;0;0;0;0;0;0;0;1;1;1;1;2;4;5;7;7;4;4;3
102;-0.0145241728835452;0.0124768539265072;6;4;8;4;5;2;5;3;2;0;1;0;0;0;0;0;0;0;0;0
103;-0.00989104253396539;0.000359258915784017;2;3;4;3;10;1;3;5;2;3;3;1;0;0;0;0;0;0;0;0
104;0.0037316582044506297;-0.00923277389928095;0;0;1;0;1;2;1;5;2;2;5;4;4;4;0;7;1;1;0;0
105;-0.00641933967475446;-0.00577483753655898;1;3;2;2;6;3;3;3;3;4;6;2;1;0;0;0;0;0;1;0
106;0.0103394372874152;0.000110077556301757;0;0;0;0;0;0;0;1;1;2;1;3;2;6;7;4;7;3;1;2
107;-0.00861526249989136;-0.0021882021880638898;3;3;1;3;4;3;4;2;7;5;2;1;0;1;0;1;0;0;0;0
108;0.0137226076580535;0.008432417987277679;0;0;0;0;0;0;0;1;2;2;2;2;1;0;6;4;3;4;6;7
109;0.00857395396148224;-0.0032812096271434;0;0;0;0;1;0;1;1;1;1;1;2;2;3;9;7;3;2;3;3
110;-0.0050060125048909;-0.007549190463441179;0;3;5;2;3;4;4;6;1;4;5;0;0;1;1;1;0;0;0;0
111;-0.0168792441147334;0.0203594079233678;10;7;4;6;2;4;1;5;0;1;0;0;0;0;0;0;0;0;0;0
112;0.0128826409136003;0.00614251301962702;0;0;0;0;0;0;0;1;0;2;0;4;4;1;7;6;5;6;4;0
113;0.0170641444485347;0.0190049383986181;0;0;0;0;0;0;0;0;2;0;0;0;4;3;3;1;5;7;7;8
114;0.00431670523335039;-0.00877446872540397;0;0;0;0;1;2;2;0;2;1;3;4;6;4;3;3;5;0;3;1
115;-0.0143748020842358;0.0120160671359139;6;8;1;5;5;8;1;2;2;1;0;1;0;0;0;0;0;0;0;0
116;-0.00593709794185857;-0.00642727406328512;0;3;5;6;3;3;3;4;4;2;2;2;1;0;2;0;0;0;0;0
117;0.0142569514109418;0.00996602156976894;0;0;0;0;0;0;0;0;0;0;0;1;3;6;2;8;3;5;6;6
118;0.0033840956115471603;-0.00947110616450467;0;0;0;0;1;1;2;4;0;4;3;3;6;4;5;2;3;0;1;1
119;0.008285591557187591;-0.0037731140608196797;0;0;0;1;0;0;0;2;0;2;2;1;1;2;10;6;4;3;2;4
120;0.00366431105762861;-0.0092809312847602;0;0;0;0;0;2;1;2;3;1;2;4;5;0;5;2;3;5;2;3
121;0.00276483190153631;-0.00983306732579326;0;1;0;0;1;0;4;3;2;9;2;5;1;3;4;1;2;1;1;0
122;-0.0169227441953484;0.0205159288191137;7;3;7;5;0;6;6;2;1;1;0;2;0;0;0;0;0;0;0;0
123;0.0133672698379855;0.00744567197559259;0;0;0;0;0;0;0;1;0;0;4;0;1;3;5;6;5;8;4;3
124;-0.0129402492812503;0.007828575435725509;8;6;7;4;4;1;3;0;5;0;1;1;0;0;0;0;0;0;0;0
125;-0.00206347061022676;-0.00990147137720097;0;1;3;1;0;2;4;4;5;7;3;4;3;1;0;0;0;1;1;0
126;-0.0104501736557249;0.00158313759391285;2;4;6;5;3;4;6;2;3;2;1;0;1;0;0;1;0;0;0;0
127;-0.00302939122026112;-0.00932920086796889;0;0;2;2;1;1;5;3;7;7;5;2;2;2;0;1;0;0;0;0
128;-0.0148169708566391;0.0133936468112068;10;4;4;4;6;4;1;2;0;2;2;1;0;0;0;0;0;0;0;0
129;0.009990173604212909;-0.0006126030859689269;0;0;0;0;0;1;0;1;2;0;1;2;4;4;4;6;4;7;3;1
130;0.0168984955058096;0.0184257517834187;0;0;0;0;0;0;0;0;0;0;0;1;1;1;2;6;5;3;13;8
131;0.0139713124688144;0.00913878048245723;0;0;0;0;0;1;0;0;1;1;1;2;3;5;4;4;2;5;2;9
132;-0.0121435587397579;0.00568912558320031;10;6;4;2;4;3;2;2;3;1;2;0;0;1;0;0;0;0;0;0
133;-0.0023401995355230303;-0.00975748765034803;1;1;2;4;9;3;0;3;5;4;3;2;0;1;1;1;0;0;0;0
134;-0.0141771019296041;0.0114133752207792;4;3;8;8;4;5;4;2;1;1;0;0;0;0;0;0;0;0;0;0
135;0.0025153758082376897;-0.00995618675173349;0;0;1;1;0;1;4;6;1;4;5;2;2;2;3;4;4;0;0;0
136;0.000355325665171286;-0.0104773793256161;0;0;0;0;1;2;4;4;7;3;4;7;3;0;0;3;2;0;0;0
137;0.012530789581285;0.00522720436144653;0;0;0;0;0;0;1;0;0;1;1;4;1;5;6;6;3;3;3;6
138;-0.00589930460257401;-0.00647634791883028;1;0;2;3;5;1;6;9;4;4;3;1;1;0;0;0;0;0;0;0
139;-0.006296567679624871;-0.0059455592470634795;0;1;1;4;3;6;13;5;4;1;0;0;1;1;0;0;0;0;0;0
140;0.0161929187349917;0.0160230815371234;0;0;0;0;0;0;0;0;0;1;2;4;0;1;3;3;6;6;5;9
141;0.009210846306690071;-0.0021330679590023604;0;0;0;0;0;0;0;2;2;2;0;5;5;5;5;3;2;6;1;2
142;-0.0104196807759832;0.00151470425797855;0;2;2;8;6;8;1;4;2;3;2;2;0;0;0;0;0;0;0;0
143;0.00437427831616441;-0.00872549452537557;0;0;0;1;0;0;1;3;3;4;2;5;9;1;6;2;3;0;0;0
144;-0.0009513707581102769;-0.0103183998727068;0;0;1;1;1;5;4;3;5;5;4;3;2;4;1;0;1;0;0;0
145;-0.016687740531866002;0.0196750562656669;8;11;6;2;4;5;0;1;2;1;0;0;0;0;0;0;0;0;0;0
146;0.0116744660843645;0.00310787474437956;0;0;0;0;0;0;0;0;1;1;1;0;4;3;2;8;3;5;5;7
147;0.0175599693531957;0.0207729129690015;0;0;0;0;0;0;0;0;0;0;0;0;4;0;4;6;5;5;5;11
148;-0.0132178215258403;0.00860519254453318;6;3;5;6;6;6;3;2;1;1;1;0;0;0;0;0;0;0;0;0
149;0.0172022866479912;0.01949234218859;0;0;0;0;0;0;0;0;0;0;2;3;2;2;3;5;3;6;5;9
150;-0.00248669372581536;-0.00967477475407591;1;1;0;2;2;3;6;5;1;2;5;5;3;0;2;0;1;1;0;0
151;0.000802454636528696;-0.0104496786656854;0;0;1;1;2;0;2;3;1;5;7;6;3;1;1;2;2;1;1;1
152;0.0017314899702391199;-0.0102582691809739;0;0;0;1;1;2;2;4;3;7;7;3;2;2;2;2;1;1;0;0
153;0.0020697222492545397;-0.0101437073861677;0;0;2;1;1;3;2;2;4;3;4;1;2;4;2;4;2;1;2;0
154;0.0081331203455299;-0.0040261707888491;0;0;0;0;0;1;0;0;1;3;2;4;6;3;4;3;4;5;2;2
155;-0.011630204487286001;0.0043809625192833;3;7;1;3;4;3;7;1;5;3;2;1;0;0;0;0;0;0;0;0
156;0.0102108350672752;-0.000158991350082029;0;0;0;0;0;1;0;1;2;5;0;0;3;5;5;5;4;3;3;3
157;-0.0126148239601957;0.00693861504645848;3;7;5;3;5;4;5;2;3;1;0;1;1;0;0;0;0;0;0;0
158;0.009194184259755671;-0.0021641869997268103;0;0;0;1;0;0;0;0;1;2;3;4;4;2;5;6;4;2;3;3
159;0.0116355312167868;0.0030151635202457;0;0;0;0;0;0;0;0;2;2;2;3;2;2;5;2;4;5;4;7
160;-0.00396700189394192;-0.00858684555001774;1;2;2;2;4;2;3;4;3;3;7;4;0;2;1;0;0;0;0;0
161;0.0016428811353398599;-0.0102843218755544;0;0;0;0;1;1;1;1;2;7;3;3;7;7;2;4;0;1;0;0
162;0.0171114061609705;0.0191712410742285;0;0;0;0;0;0;0;0;0;0;0;1;1;3;4;1;2;10;12;6
163;-0.00175352661477221;-0.0100436997377975;1;0;2;0;5;4;3;3;9;3;2;4;4;0;0;0;0;0;0;0
164;-0.01054400318374;0.0017949348437382;0;7;1;4;7;7;3;3;3;2;0;2;0;0;1;0;0;0;0;0
165;0.0022246439756715896;-0.0100832354851325;0;0;0;0;1;2;2;1;5;4;6;5;7;3;1;1;2;0;0;0
166;0.00428727519852714;-0.00879923513617598;0;0;0;0;2;3;2;2;4;4;3;3;1;7;3;3;1;1;1;0
167;0.0145324315679885;0.0107800252434196;0;0;0;0;0;0;0;0;1;0;0;2;1;4;3;5;9;3;7;5
168;-0.00419292297064333;-0.00838045114100095;1;2;1;3;3;4;4;2;6;3;4;4;3;0;0;0;0;0;0;0
169;0.0039756717584768205;-0.00905033471711345;0;1;1;0;1;1;1;1;3;3;3;5;3;2;5;6;2;1;1;0
170;0.0030199959666253697;-0.00969365004410394;0;0;0;0;1;0;5;4;2;5;3;3;3;3;5;3;2;0;1;0
171;-0.012746946485093;0.0072972646550198295;5;8;3;3;4;4;2;4;2;2;1;1;0;1;0;0;0;0;0;0
172;0.0163654857449773;0.0166010866849728;0;0;0;0;0;0;0;0;1;0;1;0;2;4;2;3;8;2;5;12
173;-0.00695397534395411;-0.00499459739197126;1;6;3;2;3;3;4;4;6;2;1;1;0;3;1;0;0;0;0;0
174;-8.94775385992206e-05;-0.0104633996419691;0;0;1;0;1;1;3;2;3;7;7;5;4;1;2;1;1;1;0;0
175;0.0141315463552931;0.009600731281429629;0;0;0;0;0;0;0;0;1;0;0;1;4;2;3;6;8;6;3;6
176;-0.0049587488105061394;-0.00760129994914422;0;3;3;0;2;5;2;7;3;4;5;1;0;3;1;1;0;0;0;0
177;0.0177160901339752;0.0213402526593769;0;0;0;0;0;0;0;0;0;0;0;1;2;3;5;4;5;8;9;3
178;-0.00941883843126023;-0.000623359006319871;3;3;6;5;2;2;5;5;1;3;2;0;1;1;0;0;1;0;0;0
179;-0.005833311614138879;-0.00656132134860267;2;1;3;2;3;4;5;4;5;3;1;1;4;1;0;1;0;0;0;0
180;-0.00262281251226094;-0.00959389245127845;0;0;1;4;2;3;5;2;5;3;4;4;1;4;1;0;1;0;0;0
181;0.0134193144392641;0.00758854326862342;0;0;0;0;0;0;0;0;1;0;4;5;0;3;7;5;6;0;5;4
182;-0.00495487787419878;-0.0076055470365415795;0;1;5;4;4;2;6;1;6;0;2;1;3;3;1;1;0;0;0;0
183;-0.0163339944645777;0.0184311132054913;3;8;10;9;6;1;0;1;1;1;0;0;0;0;0;0;0;0;0;0
184;0.0144072528178816;0.0104081705033471;0;0;0;0;0;1;1;0;0;0;0;3;2;4;3;5;2;3;9;7
185;-0.0123259728898622;0.00616725304747686;3;2;5;6;9;4;3;6;1;0;1;0;0;0;0;0;0;0;0;0
186;-0.0121090273829546;0.00559939943289367;5;3;5;6;4;7;3;4;2;0;0;1;0;0;0;0;0;0;0;0
187;-0.0172100597672209;0.0215596916218452;8;7;8;5;3;4;1;0;2;0;1;0;1;0;0;0;0;0;0;0
188;0.0144238587921759;0.0104573112828165;0;0;0;0;0;0;0;0;0;0;1;1;1;4;5;4;8;6;8;2
189;0.000708924985653337;-0.0104589355295753;0;1;1;5;1;2;2;3;7;2;1;3;2;5;1;3;0;0;1;0
190;0.0141281620204944;0.00959091874243153;0;0;0;0;0;0;0;0;0;1;1;2;4;3;5;2;6;6;3;7
191;-0.00668320871579386;-0.005397230752766429;1;3;3;6;5;2;2;2;3;5;0;2;3;0;1;2;0;0;0;0
192;-0.000446186916914606;-0.0104222554971539;1;1;1;0;3;1;2;3;5;3;3;3;4;2;2;2;4;0;0;0
193;-0.005388581825062079;-0.0071101813585467;1;3;3;3;2;6;2;6;1;4;4;2;2;1;0;0;0;0;0;0
194;-0.00980632250594685;0.00017952659621927;3;4;4;7;5;3;3;4;1;2;3;1;0;0;0;0;0;0;0;0
195;-0.0163730591663303;0.0185671966649858;5;2;9;6;8;2;2;1;0;4;1;0;0;0;0;0;0;0;0;0
196;0.0166199944043109;0.0174649313739274;0;0;0;0;0;0;0;0;0;0;0;1;1;4;8;5;6;6;4;5
197;-0.0169686893816536;0.0206816778867274;8;10;4;4;4;3;2;2;3;0;0;0;0;0;0;0;0;0;0;0
198;-0.0127835228746674;0.00739719811134137;2;5;5;8;7;0;4;2;3;1;2;1;0;0;0;0;0;0;0;0
199;-0.00300498787052233;-0.00934606440642353;0;2;2;3;2;5;5;3;5;5;2;2;1;1;1;1;0;0;0;0
200;0.00722610628184578;-0.005430934626946739;0;0;0;0;1;1;1;2;2;0;3;4;4;3;6;2;4;4;1;2
201;0.0108777708687757;0.00127399901013716;0;1;0;0;0;1;0;1;2;1;1;3;3;0;5;10;3;3;5;1
202;-0.00994959734217737;0.00048436043310775195;1;3;2;3;8;5;5;2;5;1;2;0;0;2;0;1;0;0;0;0
203;-0.0062627886045918705;-0.005991977400948039;2;2;3;4;2;1;4;5;4;3;3;0;3;3;1;0;0;0;0;0
204;0.0174734966133654;0.0204608690913832;0;0;0;0;0;0;0;0;0;1;2;0;3;3;4;4;5;7;4;7
205;-0.0126383171824437;0.00700212074615735;6;5;2;6;7;6;2;1;1;2;1;1;0;0;0;0;0;0;0;0
206;0.00847281940718337;-0.00345571293579854;0;1;0;0;1;0;0;2;2;0;1;3;7;3;5;3;6;3;2;1
207;-0.00121548592418131;-0.0102428307308251;0;0;2;2;1;2;5;3;5;5;1;3;3;1;2;1;2;2;0;0
208;-0.0113798958503728;0.0037631222655647705;4;5;8;4;5;5;3;3;1;0;1;0;0;1;0;0;0;0;0;0
209;-0.0168451874842611;0.020237142746451;10;6;7;3;3;8;1;0;0;1;1;0;0;0;0;0;0;0;0;0
210;0.00532819649088029;-0.00781303121991136;0;0;0;1;0;1;0;1;1;1;3;5;3;4;7;1;5;3;3;1
211;-0.0100306389637163;0.000658689139982826;4;3;3;2;9;8;3;6;1;0;0;0;0;1;0;0;0;0;0;0
212;0.0090471942518919;-0.00243619590609235;0;0;0;0;0;1;0;1;3;1;2;2;4;5;2;5;3;6;2;3
213;-0.009354999986535809;-0.000752618872631337;2;2;5;6;2;6;6;4;3;1;1;1;0;0;1;0;0;0;0;0
214;-0.00895022839484714;-0.00155234039078182;1;3;3;5;6;4;5;4;3;2;2;2;0;0;0;0;0;0;0;0
215;-0.0154646655670541;0.0154854482399333;7;9;3;5;6;2;2;3;2;0;1;0;0;0;0;0;0;0;0;0
216;-0.0107760686656568;0.00232668401437307;7;4;7;7;4;4;3;2;2;0;0;0;0;0;0;0;0;0;0;0
217;-0.006494176582022;-0.0056692241152969895;1;2;2;4;3;4;3;4;6;4;5;1;1;0;0;0;0;0;0;0
218;0.0149725439196722;0.0121134659197917;0;0;0;0;0;0;0;0;1;1;3;3;1;1;7;1;7;4;7;4
219;0.0129905324357395;0.006428375962062;0;0;0;0;0;0;0;0;1;0;1;1;1;4;4;6;8;4;4;6
220;0.0177990576483769;0.0216438316886374;0;0;0;0;0;0;0;0;0;0;0;0;0;4;4;6;6;7;7;6
221;-0.00284451957728543;-0.00945384751623397;2;1;3;2;1;2;5;3;2;4;5;4;2;1;0;2;0;0;0;1
222;0.00167353494933917;-0.0102754950629566;0;0;0;0;2;0;3;3;7;3;7;0;5;2;4;1;1;1;0;1
223;-0.00640832254885837;-0.0057902864036322105;0;1;3;6;3;2;6;4;3;3;0;4;2;2;0;0;1;0;0;0
224;0.0173726569895919;0.020098958690745;0;0;0;0;0;0;0;0;0;0;0;2;3;3;3;4;7;7;8;3
225;-0.00108418836903338;-0.0102822235852919;0;1;2;2;2;3;4;3;4;5;2;3;0;1;3;3;2;0;0;0
226;-0.0148488954220055;0.0134946925898258;7;8;5;4;5;4;4;3;0;0;0;0;0;0;0;0;0;0;0;0
227;0.0142107299326897;0.009831000615842791;0;0;0;0;0;0;1;1;0;0;0;0;3;2;4;8;4;9;3;5
228;0.006403511295484721;-0.0065559947734286205;0;0;0;0;0;0;0;3;2;2;5;7;2;2;7;3;3;1;3;0
229;0.0174518850121946;0.0203831264355546;0;0;0;0;0;0;0;0;0;0;0;0;0;3;2;6;5;8;8;8
230;0.0034082151049004803;-0.00945538358998744;0;0;0;0;1;1;1;1;3;5;4;0;6;3;2;6;4;0;1;2
231;-0.00387516130954156;-0.00866769285746584;0;2;6;1;2;3;3;2;6;2;4;4;2;3;0;0;0;0;0;0
232;0.00559704111575279;-0.00752145304584442;0;0;1;0;0;1;1;0;2;1;4;5;3;5;5;3;4;1;2;2
233;-0.00496700964820486;-0.007592225887362891;0;0;4;4;3;5;5;4;4;4;2;0;2;1;0;1;1;0;0;0
234;-0.0151959384882728;0.0146069024701587;10;6;2;8;5;4;3;0;2;0;0;0;0;0;0;0;0;0;0;0
235;-0.0132692943430945;0.00875098113130149;4;5;4;4;6;3;5;4;3;2;0;0;0;0;0;0;0;0;0;0
236;-0.00753879962656215;-0.00407256989779805;2;3;2;3;7;4;5;3;2;1;2;4;2;0;0;0;0;0;0;0
237;-0.00291995387700998;-0.00940385148206341;1;1;1;2;2;4;4;5;3;8;3;1;2;2;1;0;0;0;0;0
238;-0.0126521427052792;0.0070395472235599095;5;4;3;4;7;3;1;4;2;3;3;0;0;0;0;1;0;0;0;0
239;0.00788844719888102;-0.004422081913335121;0;0;0;1;0;0;0;2;1;2;2;5;4;5;3;4;3;2;4;2
240;-0.00365936521743246;-0.00885070786156828;2;5;3;4;2;4;1;2;4;2;1;3;1;2;1;2;0;1;0;0
241;-0.0026154324857243;-0.009598377161862959;0;1;2;0;5;2;8;2;4;5;1;2;2;2;1;2;0;0;1;0
242;0.0141908827698622;0.00977316089570797;0;0;0;0;0;0;0;0;0;1;1;3;0;1;3;4;9;2;9;7
243;0.0173479349837467;0.0200105571381846;0;0;0;0;0;0;0;0;0;0;0;0;1;3;3;3;8;10;6;6
244;0.00217900699069184;-0.0101015715140789;0;0;2;0;1;3;3;2;1;4;5;3;4;1;4;4;2;0;0;1
245;-0.0158638848607871;0.0168185281972855;8;10;4;7;4;2;1;1;2;1;0;0;0;0;0;0;0;0;0;0
246;-0.0168202398582981;0.0201477335101503;7;5;10;2;4;5;2;4;1;0;0;0;0;0;0;0;0;0;0;0
247;0.0159330576242253;0.0151644536255998;0;0;0;0;0;0;0;0;0;0;2;2;1;1;4;9;5;6;5;5
248;-0.0133361317078628;0.00894111524392236;6;4;7;4;5;7;3;1;1;2;0;0;0;0;0;0;0;0;0;0
249;0.0152621042056762;0.0130128884457003;0;0;0;0;0;0;0;0;0;0;1;1;2;2;3;4;7;5;9;6
250;-0.0009581413353335769;-0.0103166450803435;1;1;0;0;1;4;4;4;3;5;2;8;1;2;0;4;0;0;0;0
251;0.0178923409677676;0.0219868776841828;0;0;0;0;0;0;0;1;0;0;0;1;3;2;2;5;3;5;11;7
252;0.0104261968978451;0.000293557169137479;0;0;0;0;0;0;0;0;1;1;0;1;4;5;6;4;4;7;3;4
253;0.00939326335539474;-0.00178857285260437;0;0;0;0;0;0;0;1;1;4;2;2;3;10;1;3;5;1;6;1
254;0.0144350153068926;0.010490358324273;0;0;0;0;0;0;0;1;3;1;0;3;2;1;2;6;6;3;6;6
255;0.0160088768432174;0.0154135130698392;0;0;0;0;0;0;0;0;0;0;3;2;1;4;4;3;6;6;5;6
256;-0.0168687770374879;0.0203218046895151;9;4;7;7;4;5;3;1;0;0;0;0;0;0;0;0;0;0;0;0
257;0.00167203681061654;-0.0102759310273082;0;0;0;2;5;0;1;4;3;5;5;4;4;2;2;2;1;0;0;0
258;-0.00311861331972551;-0.0092664839937018;1;1;1;1;3;4;6;5;3;0;5;1;2;2;1;4;0;0;0;0
259;-0.00219645323491924;-0.00983428104874947;1;1;0;1;3;3;2;7;2;4;3;2;2;4;1;2;1;0;0;1
260;-0.0096600833594566;-0.000127181531544008;3;4;4;6;4;4;7;4;0;1;0;0;1;1;0;1;0;0;0;0
261;-0.00582205979245031;-0.00657571834500504;2;5;3;2;4;5;4;2;5;1;1;4;2;0;0;0;0;0;0;0
262;0.0022303065360558803;-0.0100809299688518;0;0;0;0;0;2;2;4;3;4;7;1;4;5;2;3;2;0;1;0
263;-0.00445182825347859;-0.0081307815988473;2;4;3;3;3;6;1;4;2;3;2;3;2;1;1;0;0;0;0;0
264;0.0114935818584897;0.00267984366859688;0;0;0;0;0;0;0;0;2;2;2;4;1;1;6;3;6;6;4;3
265;-0.0032286850352985;-0.0091868146400628;2;1;1;2;3;6;5;3;2;1;2;2;5;3;1;1;0;0;0;0
266;0.0136101510715232;0.00811727501984335;0;0;0;0;0;0;0;1;1;0;1;1;1;5;4;8;1;9;2;6
267;0.0019137426493078399;-0.0101995150892282;0;0;1;2;2;0;1;1;4;2;4;1;6;3;5;1;1;2;3;1
268;0.0168191752152235;0.0181504450796035;0;0;0;0;0;0;0;0;0;0;1;0;1;0;8;3;6;7;8;6
269;-0.00979557893855963;0.000156841650359027;3;5;5;3;7;3;3;2;3;5;0;0;0;0;1;0;0;0;0;0
270;-0.0105820922298133;0.0018814376233678301;2;5;4;5;7;6;4;2;2;0;1;1;0;0;1;0;0;0;0;0
271;0.0123117336125155;0.00467044381972022;0;0;0;0;0;0;0;1;0;0;3;3;3;2;8;3;1;5;8;3
272;0.00510623410127762;-0.00804235719812689;0;0;0;0;0;0;1;1;5;3;1;5;3;8;4;3;3;2;1;0
273;0.008024190447284271;-0.00420398078687359;0;0;0;0;0;0;0;1;1;1;2;2;5;9;5;3;5;1;2;3
274;-0.00133983261907126;-0.0102021952126672;0;2;2;1;1;2;5;1;4;3;4;3;5;2;2;2;0;0;1;0
275;-0.014389798162659;0.0120621168455163;8;4;6;3;6;2;1;4;3;3;0;0;0;0;0;0;0;0;0;0
276;0.00205135322398118;-0.0101505442578172;0;0;0;1;0;1;0;3;6;5;1;4;4;3;2;5;3;0;1;1
277;0.00486405422993748;-0.00828080298923029;0;0;0;1;2;3;3;0;2;2;2;2;5;2;5;3;3;4;1;0
278;-0.0118146910706061;0.00484473131726633;3;5;6;7;4;2;7;2;3;1;0;0;0;0;0;0;0;0;0;0
279;0.013940598684341998;0.00905084732171277;0;0;0;0;0;0;0;0;0;0;5;0;1;4;6;6;2;4;8;4
280;0.00227123539296013;-0.0100640661027537;0;0;0;0;1;0;0;3;4;1;4;6;5;3;5;3;3;1;1;0
281;-0.0165268885167891;0.0191061739956952;7;6;9;5;2;3;3;2;1;2;0;0;0;0;0;0;0;0;0;0
282;0.0174431321308856;0.0203516678278392;0;0;0;0;0;0;1;0;0;0;0;0;2;0;3;8;6;5;9;6
283;0.00637766298106298;-0.00658905136123995;0;0;1;2;1;0;1;1;1;1;2;3;6;6;6;4;1;3;1;0
284;-0.00265665990672712;-0.00957317789672086;1;1;0;2;2;3;5;4;4;4;6;2;2;1;1;0;2;0;0;0
285;-0.00948635152501926;-0.00048573028962714803;4;4;6;1;6;3;5;1;4;2;4;0;0;0;0;0;0;0;0;0
286;0.0065602638472780205;-0.0063525322043417;1;0;1;1;0;0;1;0;2;3;1;6;7;2;6;2;2;2;0;3
287;0.0018776760252709;-0.0102116941431854;0;0;1;0;1;2;5;7;4;2;7;1;0;4;3;0;1;0;0;2
288;-0.0122483608576238;0.00596297182888431;2;2;8;9;6;0;4;5;1;3;0;0;0;0;0;0;0;0;0;0
289;0.0102289188075082;-0.00012136475936058799;0;0;0;0;0;1;0;0;0;2;2;1;7;2;2;9;3;7;2;2
290;-0.00134039142132988;-0.0102020052930262;1;0;1;1;1;5;2;5;6;3;5;6;0;1;1;2;0;0;0;0
291;0.00515212370217193;-0.00799579114199552;0;0;0;0;2;0;1;1;2;5;6;5;0;2;3;4;4;3;1;1
292;-0.0113737446734984;0.0037481043911293;2;5;5;10;2;6;3;3;1;0;1;2;0;0;0;0;0;0;0;0
293;-0.0165124344683812;0.0190553199227551;12;6;4;2;4;8;2;0;2;0;0;0;0;0;0;0;0;0;0;0
294;0.00934046508498149;-0.0018889990322941102;0;0;0;0;0;0;0;2;4;2;3;2;2;3;5;6;6;2;2;1
295;0.00109350716495706;-0.0104091535325034;0;0;0;1;2;0;3;3;2;3;4;9;4;5;3;0;0;0;1;0
296;0.004924555592830279;-0.008222385264742999;0;0;0;0;1;0;3;4;1;7;4;7;2;4;3;2;1;1;0;0
297;-0.0159460319061152;0.0170969749809525;10;5;7;5;2;3;2;2;2;2;0;0;0;0;0;0;0;0;0;0
298;-0.0164929441306944;0.0189868158009892;11;2;7;7;2;3;1;3;2;1;0;1;0;0;0;0;0;0;0;0
299;-0.0126640581165209;0.00707183503166238;5;4;5;2;4;6;4;7;2;0;0;0;0;1;0;0;0;0;0;0
300;0.0015731212794354;-0.0103036759578071;0;0;0;1;1;1;1;4;6;1;3;2;4;4;4;3;2;1;2;0
301;-0.012841227757088998;0.00755542810933693;3;7;4;7;4;0;4;7;1;1;1;1;0;0;0;0;0;0;0;0
302;0.0149145905999451;0.0119355617664531;0;0;0;0;0;0;0;0;0;1;1;3;0;3;4;2;8;4;10;4
303;-0.0151232216800942;0.014371769853775;7;3;4;9;4;4;5;2;0;0;1;1;0;0;0;0;0;0;0;0
304;0.0152312640306653;0.0129162583583597;0;0;0;0;0;0;0;1;0;0;1;1;2;3;3;8;3;5;7;6
305;-0.00464130500447308;-0.00793916920563331;0;2;2;3;0;4;7;3;3;3;5;1;1;2;1;1;0;2;0;0
306;0.0072036825853359;-0.005463481962953771;1;0;0;0;0;0;1;0;1;3;4;5;3;4;2;2;2;6;6;0
307;-0.0173473264489707;0.0220644571103682;7;11;5;9;3;3;1;0;0;0;0;1;0;0;0;0;0;0;0;0
308;0.007242820767847109;-0.00540660555301107;0;0;0;0;0;0;2;3;1;1;4;2;8;3;2;4;7;1;1;1
309;0.00730855476509843;-0.00531035782402352;0;0;0;0;0;0;2;1;1;3;4;7;3;4;4;4;2;2;2;1
310;0.0168229145914088;0.0181633942035864;0;0;0;0;0;0;0;0;0;1;1;2;1;2;4;4;12;4;7;2
311;0.0108364737079429;0.00118256215571276;0;0;0;0;0;0;1;0;0;0;2;1;3;5;6;3;8;7;2;2
312;-0.0105160162802969;0.0017315683170863099;2;5;2;5;7;5;5;4;0;2;1;0;2;0;0;0;0;0;0;0
313;-0.0059947264779536;-0.006351868899757021;0;2;2;4;3;6;5;6;4;2;1;1;1;2;0;0;1;0;0;0
314;-0.00148769796296304;-0.0101496599195721;0;2;1;2;1;2;4;3;4;4;7;1;3;2;0;2;1;1;0;0
315;0.0067922530902238;-0.006041971645334021;0;0;0;0;0;0;3;3;4;2;3;1;1;4;4;2;5;2;3;3
316;0.000150928719625408;-0.0104760999053868;2;0;2;0;2;3;5;6;3;4;2;1;4;2;0;2;0;1;1;0
317;-0.00945022871272855;-0.0005594871094705269;2;3;3;5;5;5;2;5;2;5;2;1;0;0;0;0;0;0;0;0
318;-0.0060731980897255605;-0.0062480730673219395;2;0;4;3;3;3;3;3;5;4;1;3;3;0;3;0;0;0;0;0
319;0.0121350315797783;0.00422865304744228;0;0;0;0;0;0;1;0;2;1;0;2;3;7;6;3;4;4;6;1
320;0.0151520784465453;0.0126690620009761;0;0;0;0;0;0;0;0;0;1;0;2;1;4;3;3;6;9;3;8
321;-0.00943684979732273;-0.000586735308636113;6;1;4;5;6;7;1;5;2;0;1;0;1;1;0;0;0;0;0;0
322;0.0016371475303425301;-0.0102859510331614;0;0;0;3;0;1;2;5;3;4;4;3;7;4;0;0;3;1;0;0
323;-0.00606077052634949;-0.00626459716260448;4;2;3;2;1;3;3;4;7;3;3;1;1;1;2;0;0;0;0;0
324;0.0025692106462289897;-0.00993071905964418;0;1;0;0;1;2;2;2;3;6;2;4;3;3;3;3;1;3;0;1
325;0.0153574162480494;0.0133127840785708;0;0;0;0;0;0;0;0;0;0;1;2;1;1;6;7;7;4;7;4
326;-0.0058243163156945;-0.00657283319036249;2;0;3;3;3;6;8;1;7;2;1;0;3;1;0;0;0;0;0;0
327;0.009004312060389659;-0.00251469809408026;0;0;0;0;2;0;0;2;0;2;2;1;2;8;5;1;6;4;3;2
328;0.00616636300629466;-0.00685402995670864;0;0;0;0;0;1;2;1;0;3;2;10;5;4;1;3;2;6;0;0
329;-0.0006109858099775599;-0.0103942490587215;0;0;1;1;2;3;6;4;1;8;1;4;2;1;3;2;0;0;0;1
330;0.0101324371674893;-0.000321320875195901;0;0;0;0;0;0;0;0;0;2;2;2;4;8;6;5;4;1;1;5
331;-0.00286114065568265;-0.0094429338102776;0;1;3;4;2;5;5;4;2;1;3;6;0;1;1;0;1;0;1;0
332;-0.0004911142815759849;-0.0104151842388733;0;1;1;1;3;2;1;6;5;5;6;4;2;1;1;0;1;0;0;0
333;-0.00592390664269869;-0.00644443666467953;0;1;3;1;5;4;7;2;3;7;0;0;2;2;2;0;1;0;0;0
334;0.00396203098631929;-0.00906086237868916;0;0;1;0;1;1;3;2;6;4;3;3;3;2;2;3;3;1;1;1
335;0.0142405864168699;0.00991816542968962;0;0;0;0;0;1;0;0;0;1;2;3;6;0;4;10;2;7;3;1
336;0.013640811483761003;0.00820293372876182;0;0;0;0;0;0;0;0;0;0;1;3;3;1;5;8;2;5;6;6
337;-0.00618732764765345;-0.00609481045839369;4;3;2;4;2;5;2;3;4;4;2;1;1;2;0;0;0;1;0;0
338;0.00488794915195439;-0.0082578225749721;1;0;0;0;0;1;3;4;1;5;2;2;4;4;4;1;5;1;2;0
339;0.00375726160778449;-0.009214216719090871;0;0;1;0;0;1;4;2;3;3;3;3;5;3;3;4;2;2;0;1
340;-0.011154227323521;0.00321734718900867;4;6;5;3;0;3;6;5;3;1;4;0;0;0;0;0;0;0;0;0
341;0.000246170840490048;-0.0104777845000717;0;1;0;3;1;1;2;7;6;1;4;2;3;1;1;4;2;1;0;0
342;-0.00564630279428046;-0.0067971628227195295;1;2;0;3;6;4;5;3;5;3;2;2;2;0;1;1;0;0;0;0
343;0.0027653936354278;-0.00983277537740776;0;0;0;1;1;2;3;3;6;4;4;2;1;6;4;2;0;1;0;0
344;0.00411367357813821;-0.00894163685404188;0;0;0;0;0;2;3;1;1;3;4;1;7;4;4;2;5;2;1;0
345;0.00821438395361347;-0.0038919032700289;0;0;1;0;0;0;1;1;1;2;4;6;2;3;5;3;3;3;3;2
346;-0.0125051550344636;0.00664369245412234;6;5;6;4;2;6;4;3;4;0;0;0;0;0;0;0;0;0;0;0
347;-0.0165990502058309;0.0193607168170796;11;2;5;3;8;4;3;1;1;1;1;0;0;0;0;0;0;0;0;0
348;-0.00622619044661112;-0.0060419997893488295;1;2;2;2;6;4;3;2;6;6;4;0;1;1;0;0;0;0;0;0
349;-0.00954015960669923;-0.000375356447034328;1;4;5;10;5;3;4;3;1;0;3;0;1;0;0;0;0;0;0;0
350;-0.00566262572148515;-0.0067768692644045;1;1;0;1;5;4;6;6;3;6;4;0;2;1;0;0;0;0;0;0
351;0.015077287437913001;0.012436790019866003;0;0;0;0;0;1;0;0;0;0;0;1;1;3;5;3;8;7;2;9
352;-0.0165146411621246;0.0190630809640547;8;8;5;6;4;2;4;1;1;0;1;0;0;0;0;0;0;0;0;0
353;-0.00640976449932724;-0.00578826586072184;2;0;3;2;4;3;6;4;4;4;1;3;2;2;0;0;0;0;0;0
354;-0.0157280219604719;0.016361106415522;4;6;6;5;9;4;2;1;2;0;0;0;0;1;0;0;0;0;0;0
355;0.0077895084871548595;-0.00457861759034628;0;0;0;0;0;1;1;3;3;0;1;2;4;4;1;4;7;5;3;1
356;-0.00676326250092548;-0.00527978818814066;3;3;6;4;5;3;4;5;2;1;1;1;1;1;0;0;0;0;0;0
357;0.01250675038164;0.00516561464863241;0;0;0;0;0;0;1;0;0;0;2;3;2;5;6;5;7;4;4;1
358;0.00397951341974603;-0.00904736277208845;0;0;0;0;0;0;0;6;3;2;4;4;4;2;6;4;2;2;1;0
359;-0.00203457377748772;-0.009915581943695559;0;0;2;2;4;3;1;5;1;9;4;2;3;2;0;1;0;0;0;1
360;0.00918965211223394;-0.00217264145441153;0;0;0;0;0;2;0;2;2;1;3;2;9;5;4;5;3;0;0;2
361;0.00916487381903752;-0.00221878786689261;0;0;0;0;0;0;1;0;0;2;8;2;2;2;4;6;4;3;6;0
362;-0.00872675514901584;-0.00197916556203709;6;2;2;3;3;3;7;4;0;4;3;1;0;2;0;0;0;0;0;0
363;0.000548908560269108;-0.010470525102658;0;0;1;0;2;0;5;6;5;4;5;1;5;1;3;1;1;0;0;0
364;-0.0057888696122680395;-0.006618031607901;1;0;5;3;6;3;2;3;7;0;4;3;3;0;0;0;0;0;0;0
365;-0.0026713937650413;-0.00956408585772023;0;1;1;0;2;6;5;3;2;10;3;2;4;1;0;0;0;0;0;0
366;-0.0035470498612837;-0.00894210342004003;0;0;0;5;7;6;3;5;4;2;2;2;1;1;2;0;0;0;0;0
367;-0.00800185430951488;-0.00329172215211255;1;2;6;4;4;5;3;1;4;3;2;3;2;0;0;0;0;0;0;0
368;-0.009059297161651759;-0.00134022600932137;2;1;2;5;1;3;7;7;4;4;1;2;1;0;0;0;0;0;0;0
369;0.0143304083449369;0.010181522412433001;0;0;0;0;0;0;0;0;1;1;1;2;2;5;1;9;5;5;4;4
370;0.0119057754114523;0.0036652101573379295;0;0;0;0;0;0;0;1;0;2;4;2;2;4;3;4;4;5;5;4
371;-0.0101580410394219;0.000935524170483769;5;5;4;6;5;2;3;3;4;2;0;0;1;0;0;0;0;0;0;0
372;0.0108557155835499;0.0012251215390291;0;0;0;0;0;0;0;2;0;1;1;3;4;5;4;4;5;5;2;4
373;0.0130350583896661;0.00654705979294209;0;0;0;0;0;0;1;0;0;1;1;3;2;5;2;6;3;7;4;5
374;-0.0136036168230862;0.009711400120554391;4;7;4;6;6;4;3;1;3;1;1;0;0;0;0;0;0;0;0;0
375;-0.0138603849868456;0.0104649162828171;5;5;7;5;1;7;2;5;0;1;1;0;1;0;0;0;0;0;0;0
376;0.00341829905489064;-0.009448774138909391;0;0;1;0;2;3;1;1;0;4;5;3;5;4;3;6;1;0;1;0
377;0.0094775409380764;-0.0016270612285441;0;0;0;1;0;0;1;0;0;1;0;5;5;7;0;5;4;2;6;3
378;0.0166364298318949;0.0175211821639191;0;0;0;0;0;0;0;0;1;0;1;0;5;2;3;2;7;5;10;4
379;-0.0106181688792089;0.00196365024333668;5;6;4;6;3;5;3;4;0;1;3;0;0;0;0;0;0;0;0;0
380;-0.0170621291098519;0.0210201289454267;11;8;3;4;5;2;2;0;1;1;2;0;0;1;0;0;0;0;0;0
381;0.00559546388074935;-0.007523207785785209;0;0;0;0;0;0;2;3;3;3;4;1;4;8;1;2;3;4;2;0
382;-0.00991025471337008;0.000400226329794174;2;5;5;5;5;4;1;3;4;2;3;0;1;0;0;0;0;0;0;0
383;0.00842164229671797;-0.0035432007440303797;0;0;0;0;0;1;0;3;1;3;1;1;1;5;7;1;6;5;3;2
384;0.0157653943111315;0.0146179684261138;0;0;0;0;0;0;0;0;0;0;2;2;3;6;6;3;7;5;1;5
385;0.0040952242756727795;-0.00895639946722098;0;0;0;2;1;1;0;1;2;4;5;4;3;9;4;0;3;0;0;1
386;0.00777847842078352;-0.00459594179527433;0;0;1;0;0;1;1;2;3;2;3;2;1;2;6;8;1;3;1;3
387;0.00349201456716352;-0.00939981110987899;0;0;2;0;2;1;1;3;5;5;4;1;3;2;1;3;2;1;2;2
388;-0.00134793312535509;-0.0101994357045797;0;1;2;1;1;4;4;5;4;3;5;2;5;1;0;1;0;0;1;0
389;-0.00693648807952671;-0.00502106488580924;1;3;5;2;3;9;1;4;3;0;5;2;2;0;0;0;0;0;0;0
390;-0.0165086507378292;0.0190420147450018;7;10;9;4;4;4;1;0;0;0;1;0;0;0;0;0;0;0;0;0
391;0.0133268153357968;0.00733500924895458;0;0;0;0;0;0;1;0;1;1;1;0;4;0;3;6;5;6;8;4
392;-0.00619996065655821;-0.00607767815083327;2;1;3;7;3;2;6;1;5;3;0;2;1;2;2;0;0;0;0;0
393;0.00523486943648195;-0.00791071127835837;0;0;1;0;0;2;1;1;4;4;2;4;8;2;2;3;2;2;0;2
394;0.00810232817497509;-0.00407668580216715;0;0;0;0;0;1;1;1;3;3;1;0;2;5;5;7;2;3;4;2
395;0.00869308966654823;-0.00307289868741315;0;0;0;0;0;0;0;1;1;0;2;2;3;6;9;6;5;3;1;1
396;-0.00390094318738165;-0.00864517536746968;1;2;1;3;2;6;2;6;3;3;5;1;2;0;2;1;0;0;0;0
397;-0.0103218884483252;0.00129654825518468;5;2;4;3;5;6;2;5;3;2;2;0;0;0;1;0;0;0;0;0
398;0.0075099432855033794;-0.00500985258908294;0;0;0;0;0;1;2;0;1;4;2;3;2;4;3;6;6;1;3;2
399;-0.0064904415661245106;-0.005674522951903921;1;2;5;5;3;2;6;4;2;3;1;2;2;1;1;0;0;0;0;0
400;0.00312457027597148;-0.009632573852290209;0;0;0;0;2;0;3;1;1;6;8;3;8;3;1;1;2;0;0;1
401;-0.0063786184104903;-0.00583181266891689;1;3;2;2;2;5;6;5;6;4;1;2;0;0;1;0;0;0;0;0
402;0.00442284199566375;-0.0086836444794966;0;0;0;1;2;0;2;6;2;5;5;5;2;5;0;0;3;1;1;0
403;0.0142704079526829;0.0100054145385605;0;0;0;0;0;0;0;0;0;0;1;1;3;4;4;6;5;8;6;2
404;0.00343644403734732;-0.009436827516812591;0;2;0;0;1;2;3;4;4;2;4;1;4;4;4;1;2;2;0;0
405;0.0006668579202205129;-0.0104625018135274;0;0;0;0;0;2;2;4;4;4;8;3;1;2;3;2;3;0;2;0
406;-0.00850816536768036;-0.0023865467416733102;2;6;3;5;7;4;7;1;1;2;1;0;1;0;0;0;0;0;0;0
407;0.000865781878802656;-0.0104423710374688;0;0;1;2;2;2;1;3;2;6;4;3;3;4;2;1;3;1;0;0
408;0.00890017159967669;-0.00270373960357633;0;0;0;0;0;0;1;0;1;1;4;3;3;3;5;4;2;5;4;4
409;-0.0011890945392210401;-0.010251038729201;1;1;0;0;5;2;2;2;6;3;2;5;2;2;3;1;2;0;1;0
410;-0.00483705770428881;-0.00773331507613907;2;0;2;4;2;6;4;8;2;3;3;0;3;0;1;0;0;0;0;0
411;0.00412997295318244;-0.00892853525478151;0;0;0;0;0;0;1;2;1;4;3;5;5;4;6;5;1;2;1;0
412;-0.007566636702920009;-0.00402689672234058;2;3;3;4;6;6;2;0;6;2;3;1;0;1;1;0;0;0;0;0
413;-0.0008761919563844451;-0.0103372396363516;0;1;1;0;3;0;4;5;5;3;3;4;4;1;1;2;2;1;0;0
414;0.007700428253947291;-0.00471780217666302;0;0;0;0;0;1;3;0;1;2;2;3;3;6;3;3;4;4;3;2
415;0.00918358367347158;-0.00218395503511102;0;0;0;0;0;0;0;1;1;0;2;6;5;3;6;4;2;5;5;0
416;-0.0113499042303042;0.0036899736754945397;0;6;4;9;3;5;4;2;3;2;2;0;0;0;0;0;0;0;0;0
417;0.00470355800773611;-0.00843205832686277;0;0;0;1;0;0;0;3;4;1;3;8;8;2;3;5;0;1;1;0
418;-0.00362974124064276;-0.00887507055925087;1;0;5;2;1;5;6;2;8;1;2;1;2;1;2;0;1;0;0;0
419;0.00647469068931826;-0.0064642426432903796;0;0;0;0;1;0;1;0;0;3;4;4;4;3;5;4;4;6;0;1
420;0.00970127180424346;-0.0011910832509964698;0;0;0;0;0;0;0;1;2;2;1;1;3;7;4;8;5;2;1;3
421;0.0165545878415483;0.0172416357023689;0;0;0;0;0;0;0;0;0;0;0;1;1;2;4;3;4;5;6;14
422;-0.00149138189412541;-0.0101482925991707;1;0;3;2;4;0;2;9;1;3;2;5;1;5;0;1;0;1;0;0
423;-0.0121368487771411;0.005671670896463779;5;3;3;6;5;3;5;4;2;2;0;0;2;0;0;0;0;0;0;0
424;-0.0046895567747506795;-0.0078891726346296;0;2;3;4;1;1;4;5;2;6;2;1;4;2;2;1;0;0;0;0
425;-0.0125728891981159;0.00682554635502944;7;6;4;6;2;5;2;2;2;1;1;1;1;0;0;0;0;0;0;0
426;-0.000317368342268354;-0.0104401873934711;0;2;0;2;1;2;7;4;8;1;4;2;2;1;2;0;1;1;0;0
427;-0.00324609775366964;-0.009173978994008791;0;1;2;5;4;2;5;2;6;4;3;3;0;1;0;0;1;0;1;0
428;-0.0030935349429363;-0.00928428074773891;0;0;1;2;4;1;1;8;6;7;4;2;0;2;0;1;1;0;0;0
429;-0.00273238653566906;-0.00952596458552067;0;0;1;2;3;0;5;2;5;9;4;2;3;2;1;1;0;0;0;0
430;-0.000892255322594991;-0.010333313584206999;0;0;0;4;1;3;6;3;2;3;4;4;2;4;2;2;0;0;0;0
431;-0.0155286408158073;0.0156968300590034;4;10;7;3;3;3;5;4;0;0;1;0;0;0;0;0;0;0;0;0
432;0.0130857968948208;0.006682809218485629;0;0;0;0;0;0;0;0;0;2;0;3;4;2;4;2;6;3;6;8
433;0.0174146060299626;0.0202492539049731;0;0;0;0;0;0;0;0;0;0;0;3;0;1;3;4;6;0;10;13
434;-0.009267365700727559;-0.0009286707290248551;2;2;3;2;4;4;8;2;7;2;1;2;1;0;0;0;0;0;0;0
435;0.0015159417703995;-0.0103187798513899;0;1;0;0;0;2;1;2;5;6;4;6;2;4;2;1;2;2;0;0
436;-0.00250380972164886;-0.00966481761294683;0;0;1;4;2;3;2;5;6;4;2;3;2;2;1;1;2;0;0;0
437;0.006784250277508771;-0.0060528725607886;0;0;0;0;1;0;2;2;0;2;4;6;5;5;3;2;3;2;2;1
438;-0.00321089538326261;-0.00919986257551995;0;0;1;2;4;5;3;5;4;6;2;3;2;1;2;0;0;0;0;0
439;-0.00400390381037922;-0.008553863384862841;0;1;1;4;1;4;7;4;2;1;1;5;4;0;3;0;0;1;0;1
440;0.000207692440538309;-0.0104773325868164;0;1;1;1;2;0;3;2;5;2;2;3;5;6;3;3;0;1;0;0
441;0.0108294199927907;0.0011669800932503;0;0;0;0;0;0;0;1;1;2;5;1;4;8;0;6;3;3;2;4
442;-0.0167502908088466;0.0198977396440595;8;8;9;3;3;0;4;2;2;1;0;0;0;0;0;0;0;0;0;0
443;0.0110159643511622;0.0015825728226732802;0;0;0;0;0;0;1;0;1;0;2;2;3;4;4;4;6;5;5;3
444;-0.00303723059650786;-0.00932375713123821;0;2;1;2;3;5;4;0;5;2;3;3;6;2;1;1;0;0;0;0
445;0.0107152233624058;0.0009161628212165131;0;0;0;0;0;0;3;0;3;4;0;2;2;6;5;2;2;5;4;2
446;-0.00352563050090646;-0.00895923332065;0;1;5;1;4;1;5;9;0;1;4;3;1;2;1;1;0;1;0;0
447;0.0158491904453719;0.0148903594710845;0;0;0;0;0;0;0;0;0;0;0;1;7;2;4;3;4;9;5;5
448;-0.000593046859376147;-0.0103975734814282;0;0;1;1;2;1;4;4;4;5;4;5;2;0;4;0;2;0;0;1
449;0.00843129687397645;-0.00352673811328975;0;0;0;0;0;1;0;1;3;0;1;4;5;7;3;5;3;3;2;2
450;0.0139109890188756;0.00896626224160017;0;0;0;0;0;0;0;1;0;0;0;1;2;1;5;9;6;5;8;2
451;-0.0059160551765631295;-0.00645463455395838;0;4;1;1;4;3;5;6;6;4;3;3;0;0;0;0;0;0;0;0
452;-0.00113959254726465;-0.0102660410421157;0;0;1;0;2;1;3;4;5;3;7;0;3;4;2;2;2;0;1;0
453;-0.0014219282988880801;-0.010173592612102;2;1;0;1;3;1;4;4;1;5;2;4;3;2;2;3;0;2;0;0
454;-0.0122624037094238;0.00599984030291116;5;6;7;2;3;4;2;4;1;4;1;0;0;1;0;0;0;0;0;0
455;-0.00995662824840004;0.000499430142419274;6;4;4;9;0;3;5;1;3;0;0;3;1;1;0;0;0;0;0;0
456;0.011821508176196;0.00346087259779587;0;0;0;0;0;0;0;0;0;0;1;6;2;8;8;3;5;5;2;0
457;-0.00632231541839366;-0.00591001704093846;2;2;3;2;4;2;2;4;4;4;3;4;2;0;2;0;0;0;0;0
458;-0.0117760705896864;0.00474705601426887;6;4;6;2;5;7;2;1;2;3;0;1;1;0;0;0;0;0;0;0
459;0.0014428896164524;-0.0103370804426215;0;0;1;0;0;2;3;7;5;4;4;2;2;5;1;3;0;0;1;0
460;-0.0020176744334528;-0.00992375300911062;0;1;1;1;2;2;2;7;5;3;9;3;0;2;2;0;0;0;0;0
461;-0.00765941028980575;-0.0038735086637359797;1;2;7;2;3;6;5;4;2;3;2;1;0;1;1;0;0;0;0;0
462;0.0016487021029969;-0.0102826608528657;0;0;0;2;0;4;1;5;3;1;3;1;4;3;3;6;2;2;0;0
463;0.00042093191755231;-0.0104759354234508;0;0;0;2;2;1;4;3;2;2;3;8;5;2;2;1;0;1;0;2
464;0.0043021282215241295;-0.00878675846211352;0;0;0;0;0;0;2;1;1;2;2;9;6;6;3;3;1;2;2;0
465;-0.0158554346478627;0.0167899653876076;8;7;3;4;4;4;2;4;2;1;0;1;0;0;0;0;0;0;0;0
466;0.0107575668436573;0.00100884594645095;0;0;0;0;0;1;0;0;1;1;2;5;3;5;2;6;6;3;3;2
467;0.00894247633382547;-0.00262721959359945;0;0;0;0;0;0;0;1;2;1;1;2;5;6;3;2;5;3;5;4
468;-0.0119873172665433;0.00528513922017611;5;3;6;4;6;5;5;0;6;0;0;0;0;0;0;0;0;0;0;0
469;0.00758640715817768;-0.0048935314239105295;0;0;0;0;0;0;0;0;1;0;1;2;6;5;3;5;5;8;2;2
470;-0.0143332697568977;0.0118887761513165;10;9;0;5;4;5;4;2;0;0;1;0;0;0;0;0;0;0;0;0
471;-0.0168435327633104;0.0202312083939032;9;9;9;7;2;1;1;2;0;0;0;0;0;0;0;0;0;0;0;0
472;-0.00132039183010911;-0.0102087618304305;1;0;4;2;3;1;2;3;4;1;2;2;3;4;1;5;1;1;0;0
473;0.0039366615025145605;-0.00908033839977348;0;0;0;0;0;2;1;2;4;2;2;7;5;1;5;2;5;1;1;0
474;0.00118385676216738;-0.0103929658172159;0;1;0;0;2;4;1;1;2;3;3;3;5;5;2;3;0;3;1;1
475;-0.0147234206100106;0.0130987759439303;6;8;7;4;4;4;2;2;2;0;1;0;0;0;0;0;0;0;0;0
476;-0.00427988293134141;-0.00829815868323369;0;0;4;4;3;1;6;5;2;6;3;2;1;1;1;1;0;0;0;0
477;0.00679526849347679;-0.00603786077901943;0;0;0;0;0;0;0;0;3;1;3;2;4;7;2;2;7;4;4;1
478;-0.00895029983584998;-0.00155220226924421;1;5;5;4;4;6;5;4;2;0;1;0;0;3;0;0;0;0;0;0
479;0.0115030776486019;0.0027021434166726;0;0;0;0;0;0;0;0;1;1;4;4;3;3;6;3;2;5;6;2
480;-0.0106220907681215;0.00197260399250088;5;1;3;5;6;4;3;6;1;2;3;0;0;1;0;0;0;0;0;0
481;0.00968141985170594;-0.00123019193006178;0;0;0;0;0;0;0;0;6;3;3;1;2;3;7;3;3;5;3;1
482;-0.0145238667302337;0.0124759047109434;3;8;7;5;3;6;1;2;3;1;1;0;0;0;0;0;0;0;0;0
483;-0.0100508729204048;0.000702428965302887;2;5;1;1;8;10;5;1;3;2;1;0;0;0;0;0;1;0;0;0
484;-0.0138360158835337;0.0103928093758702;6;3;4;4;6;6;7;2;1;0;1;0;0;0;0;0;0;0;0;0
485;-0.0029924995273773397;-0.00935464603824571;1;1;1;1;2;3;4;6;6;3;3;2;1;2;2;1;0;1;0;0
486;0.00308117678292134;-0.0096581955925237;0;0;0;0;1;1;2;2;3;4;4;4;3;3;4;3;4;1;1;0
487;0.011171732815735;0.0019351840172999102;0;0;1;0;0;0;1;1;1;0;0;0;6;1;2;7;3;8;7;2
488;-0.0075839823488342;-0.00399835511783528;0;2;3;1;6;3;4;8;4;4;1;1;2;0;1;0;0;0;0;0
489;-0.00922738159761456;-0.00100846208755685;3;4;4;5;3;6;4;1;3;2;1;4;0;0;0;0;0;0;0;0
490;0.00228886643127025;-0.0100566935128789;0;0;1;0;4;1;2;1;4;3;1;4;5;4;4;2;0;2;2;0
491;0.0150791498093107;0.0124425596062429;0;0;0;0;0;0;0;1;0;1;0;3;1;3;1;4;4;4;8;10
492;-0.0054355734556578396;-0.00705414377731815;0;2;1;2;3;6;4;6;3;5;3;1;1;2;0;0;1;0;0;0
493;-0.004462083460377429;-0.00812060322815791;0;2;2;4;3;7;4;1;6;4;3;1;0;3;0;0;0;0;0;0
494;-0.00308803984898324;-0.00928816272647726;0;1;0;0;3;2;4;7;7;6;1;2;1;3;1;0;1;1;0;0
495;-0.000838314838464598;-0.0103462832898455;0;0;0;1;2;3;1;4;4;6;6;3;1;4;2;2;0;0;1;0
496;-0.0093789396180186;-0.000704245989183059;5;1;5;1;8;2;4;4;2;2;2;2;1;1;0;0;0;0;0;0
497;0.0175871463331855;0.0208713066681122;0;0;0;0;0;0;0;0;0;1;0;2;1;0;3;2;7;7;12;5
498;0.00639693133220519;-0.00656442295315597;0;0;0;0;0;0;0;1;3;1;3;6;1;3;4;6;3;7;2;0
499;-0.0014405356204945801;-0.0101669135360731;1;0;2;2;2;3;2;4;4;1;3;1;4;2;5;1;2;1;0;0
500;-0.0168472581089484;0.0202445694689051;9;7;6;6;4;2;3;1;0;0;0;1;1;0;0;0;0;0;0;0
