;enviro;enviro2;sp_01;sp_02;sp_03;sp_04;sp_05;sp_06;sp_07;sp_08;sp_09;sp_10;sp_11;sp_12;sp_13;sp_14;sp_15;sp_16;sp_17;sp_18;sp_19;sp_20
21;0.0420750435513332;0.02746640965;0;0;0;0;0;0;0;0;0;0;0;0;0;1;0;1;0;21;17;0
211;0.0443843088814093;0.0346267760433205;0;0;0;0;0;0;0;0;0;0;0;1;0;1;0;1;1;17;18;1
212;0.0404951130018545;0.0227882091224559;0;0;0;0;0;0;0;0;0;0;0;0;2;1;1;1;3;14;16;2
213;-0.0205454306865934;-0.0206582247840582;0;0;0;0;0;16;2;5;15;1;0;0;0;0;0;0;1;0;0;0
214;-0.0429093359236288;0.0304214970282215;5;1;0;3;1;18;2;0;9;1;0;0;0;0;0;0;0;0;0;0
215;-0.0392790831379738;0.0196871456651857;1;1;2;3;0;19;0;1;11;2;0;0;0;0;0;0;0;0;0;0
216;0.0451505051677389;0.0370871693030364;0;0;0;0;0;0;0;0;0;0;0;0;1;1;0;1;0;18;19;0
217;-0.0169623767466285;-0.0255026613416235;0;3;2;2;0;10;2;1;14;1;1;2;0;1;1;0;0;0;0;0
218;-0.0250124509344995;-0.013326994480248001;0;2;2;2;0;16;1;1;11;0;2;1;0;1;0;1;0;0;0;0
219;0.0142854490034666;-0.0286573604823874;0;0;0;0;0;0;1;0;0;1;0;4;15;17;2;0;0;0;0;0
2110;0.00584215234809066;-0.0347209493332223;0;0;1;0;0;3;1;4;4;2;2;1;11;7;3;0;1;0;0;0
2111;0.0226820963421173;-0.0175483864435991;0;0;0;0;0;0;1;0;0;1;0;1;14;16;1;0;2;1;3;0
2112;0.00984130314253675;-0.0324873206374642;0;0;0;0;2;0;0;1;1;2;2;3;13;12;2;1;1;0;0;0
2113;-0.0441437780851133;0.0342873374967171;5;1;5;5;2;11;0;3;5;1;0;1;0;0;0;0;1;0;0;0
2114;-0.0433422163043017;0.0317646636353569;6;1;0;8;4;12;3;2;3;1;0;0;0;0;0;0;0;0;0;0
2115;-0.047675546025630997;0.0459522243065626;14;0;0;19;1;5;0;1;0;0;0;0;0;0;0;0;0;0;0;0
2116;-0.0310558456799582;-0.0011271214898897302;0;1;1;0;1;18;0;1;15;2;0;0;0;1;0;0;0;0;0;0
2117;0.0195882152652397;-0.0222309569702058;0;0;0;0;0;0;1;0;1;0;0;1;15;16;0;2;2;0;2;0
2118;-0.0313781667460049;-0.00040274974049285696;0;1;1;2;4;16;2;0;13;0;0;1;0;0;0;0;0;0;0;0
2119;0.0524757870432366;0.0627389517272076;0;0;0;0;0;0;0;0;0;0;0;0;0;0;1;1;1;18;18;1
2120;-0.0227553057011693;-0.017210562694801;1;0;2;0;1;17;0;0;19;0;0;0;0;0;0;0;0;0;0;0
2121;-0.0524984922984815;0.0633289994708633;11;2;1;11;2;8;2;0;1;0;1;0;0;1;0;0;0;0;0;0
2122;-0.0299915970172671;-0.00346586851051398;2;0;2;2;1;18;0;0;15;0;0;0;0;0;0;0;0;0;0;0
2123;0.0522296999038332;0.0618146259572856;0;0;0;0;0;0;0;0;0;0;0;0;0;1;0;0;0;18;21;0
2124;0.0135318613425359;-0.0294066974540265;0;0;0;0;1;1;0;0;0;1;0;1;17;17;1;0;0;1;0;0
2125;-0.00259476397624126;-0.0356645087250568;1;0;0;1;1;4;6;0;3;2;1;2;9;8;0;1;1;0;0;0
2126;-0.046915079448788;0.0433648218067496;9;1;1;9;2;13;1;2;2;0;0;0;0;0;0;0;0;0;0;0
2127;0.0406306386708111;0.0231824716243231;0;0;0;0;0;0;0;0;0;0;2;2;0;1;0;2;2;15;14;2
2128;0.0115981819160496;-0.0311428243707334;0;0;0;0;0;0;0;3;3;2;1;1;13;14;0;0;0;3;0;0
2129;0.0270823149949367;-0.00970423465521798;0;0;0;0;0;0;0;1;1;1;3;2;5;4;4;3;3;5;6;2
2130;-0.0436841110674945;0.0328350293280247;9;1;2;7;3;11;1;1;4;0;0;0;1;0;0;0;0;0;0;0
2131;0.050830118231572;0.0566403993047921;0;0;0;0;0;0;0;0;0;0;0;0;0;0;0;0;0;21;18;1
2132;0.00150818755791041;-0.0358443569572687;0;0;0;0;2;2;2;5;3;0;1;1;12;8;1;1;1;0;1;0
2133;-0.0333248892984214;0.004130898853007999;1;2;1;2;0;16;0;2;15;0;0;0;1;0;0;0;0;0;0;0
2134;0.0402198883543497;0.0219916039684109;0;0;0;0;0;0;0;0;0;0;0;1;1;0;0;0;0;16;21;1
2135;0.0524674919584338;0.0627077237810809;0;0;0;0;0;0;0;0;0;0;0;0;0;0;0;0;0;18;19;3
2136;-0.0522745704350279;0.0624852329507241;10;2;2;10;1;13;0;0;2;0;0;0;0;0;0;0;0;0;0;0
2137;-0.021501276496981997;-0.0192100485209074;0;1;2;0;1;17;0;1;18;0;0;0;0;0;0;0;0;0;0;0
2138;0.00507887355446001;-0.0350166931040969;0;0;1;3;0;0;1;1;0;1;5;2;13;8;2;2;1;0;0;0
2139;-0.010394867493351;-0.0319877157488552;0;0;0;0;0;16;0;2;16;1;0;1;2;0;0;1;0;1;0;0
2140;0.00434423773905858;-0.0352618128847132;0;0;0;0;1;1;1;3;1;5;6;4;4;3;3;6;2;0;0;0
2141;0.0497997016075599;0.0529209062639588;0;0;0;0;0;0;0;0;0;0;0;0;0;0;0;0;0;20;19;1
2142;-0.02581559110971;-0.0118568558665234;0;0;0;2;2;21;0;1;13;0;1;0;0;0;0;0;0;0;0;0
2143;-0.00696844039545554;-0.0341411385542849;0;0;0;0;0;16;3;1;17;2;0;0;1;0;0;0;0;0;0;0
2144;-0.0244750497186748;-0.0142848248446884;0;0;0;0;1;20;0;0;19;0;0;0;0;0;0;0;0;0;0;0
2145;0.0083043933812179;-0.0334816497996611;0;0;0;1;1;1;0;4;0;0;2;0;14;11;0;3;2;0;0;1
2146;0.0351543970581811;0.00830186338116712;0;0;0;0;0;0;0;0;0;0;0;0;0;0;1;0;1;16;21;1
2147;-0.0544379550733268;0.0707878541463314;14;2;2;12;0;7;1;0;2;0;0;0;0;0;0;0;0;0;0;0
2148;-0.0509017401623097;0.0573909676022957;9;2;4;11;2;8;1;0;2;0;0;1;0;0;0;0;0;0;0;0
2149;0.008312646838149371;-0.0334767632661729;0;0;0;0;0;0;0;1;0;2;2;1;17;16;0;0;0;1;0;0
2150;0.0465376511422197;0.0416488325198497;0;0;0;0;0;0;0;0;0;0;0;0;0;0;0;0;0;19;21;0
2151;0.007530172565584641;-0.0339182743056911;0;0;0;0;1;1;0;0;2;0;2;2;14;13;1;2;1;0;0;1
2152;-0.0134514126299528;-0.0293550052920742;0;0;0;1;1;17;1;0;15;0;0;1;2;2;0;0;0;0;0;0
2153;-0.00027670846687044304;-0.0359147317164571;0;0;3;1;0;7;3;3;7;2;5;4;1;0;1;1;0;2;0;0
2154;-0.0278699317700259;-0.00788555751776155;0;0;1;0;2;15;1;3;17;0;1;0;0;0;0;0;0;0;0;0
2155;-0.0187012965327073;-0.0232667546372443;0;0;0;0;1;18;3;1;16;0;1;0;0;0;0;0;0;0;0;0
2156;-0.0378253893393013;0.0156541537219474;3;2;4;5;5;10;5;0;5;1;0;0;0;0;0;0;0;0;0;0
2157;-0.0420300351966728;0.0277345944049178;2;2;2;2;1;16;1;2;11;0;0;0;0;1;0;0;0;0;0;0
2158;0.0054593867146059;-0.0348744890759952;0;0;0;1;0;1;1;0;2;1;2;3;16;8;1;2;1;0;1;0
2159;0.0265665183106962;-0.0106956974958956;0;0;0;0;0;0;1;0;0;3;0;1;11;15;1;3;3;1;1;0
2160;-0.023918885779259;-0.0152542508405882;1;2;0;2;4;12;2;2;10;0;1;0;0;2;0;1;1;0;0;0
2161;0.0356471227907927;0.009552549659952279;0;0;0;0;0;0;0;0;0;1;0;0;0;2;2;5;1;13;13;3
2162;-0.0491534641400125;0.0510995002353126;10;1;3;12;1;9;0;0;3;1;0;0;0;0;0;0;0;0;0;0
2163;-0.00997244022534103;-0.0322987805532929;0;2;0;0;0;17;1;3;13;2;0;1;0;0;0;0;0;1;0;0
2164;0.043942706512103996;0.0332278697833931;0;0;0;0;0;0;0;0;0;0;0;0;0;0;0;0;0;18;21;1
2165;0.0406506941938859;0.0232409279297187;0;0;0;0;0;0;0;0;0;0;0;1;0;1;2;1;0;18;16;1
2166;-0.0538983099561169;0.068685334587747;16;3;1;16;0;3;0;0;1;0;0;0;0;0;0;0;0;0;0;0
2167;-0.043622090004833;0.032640237275707;7;2;2;12;1;13;0;0;3;0;0;0;0;0;0;0;0;0;0;0
2168;0.0518720058749257;0.0604788518646017;0;0;0;0;0;0;0;0;0;0;0;0;0;0;0;0;0;20;20;0
2169;0.0124098437425537;-0.0304467964192789;0;0;0;0;0;2;1;1;2;2;3;2;7;8;4;3;1;2;1;1
2170;-0.0164412669395892;-0.0261304029917766;2;0;0;1;0;16;1;0;15;2;0;1;0;2;0;0;0;0;0;0
2171;-0.0413423032388276;0.0256717832134944;2;1;5;6;4;13;1;0;8;0;0;0;0;0;0;0;0;0;0;0
2172;-0.00789690404909155;-0.0336409279809532;0;0;1;2;1;12;1;3;13;0;2;1;2;0;1;1;0;0;0;0
2173;-0.0288527310624846;-0.0058784691037884204;2;2;1;1;1;16;1;0;16;0;0;0;0;0;0;0;0;0;0;0
2174;-0.0472291618663383;0.0444284162466116;2;2;1;3;1;18;1;0;11;1;0;0;0;0;0;0;0;0;0;0
2175;0.00651150762823915;-0.0344271536030743;0;1;0;0;1;1;0;1;3;1;3;5;11;11;1;0;0;0;1;0
2176;4.14562025112484e-05;-0.0359189490894296;0;0;1;0;3;4;3;2;7;2;1;6;4;2;1;0;1;0;1;2
2177;-0.0227968312736793;-0.0171424198963898;0;1;1;0;0;19;2;0;13;2;0;0;1;0;0;1;0;0;0;0
2178;-0.0423015883275207;0.0285584586424873;6;1;2;11;4;8;2;4;2;0;0;0;0;0;0;0;0;0;0;0
2179;-0.0189824520483025;-0.0228848440063166;0;0;0;2;2;18;0;0;17;0;0;1;0;0;0;0;0;0;0;0
2180;-0.008987445614456779;-0.0329743114298338;0;0;0;0;0;16;0;1;19;1;1;0;1;0;1;0;0;0;0;0
2181;-0.0142611027787656;-0.0285451483846593;0;0;1;2;1;12;0;1;19;2;1;0;1;0;0;0;0;0;0;0
2182;-0.0135794136377006;-0.0292301120861038;0;0;1;1;1;15;4;1;11;2;0;1;2;1;0;0;0;0;0;0
2183;0.0219873046873945;-0.018659821355112;0;0;0;0;0;0;1;0;0;0;0;1;16;16;1;3;1;0;1;0
2184;0.0148129852607144;-0.0281085245029636;0;0;0;0;0;0;0;2;0;3;2;2;14;12;0;4;0;1;0;0
2185;0.0054909988739020605;-0.0348622071355582;1;0;0;0;0;3;1;1;1;6;0;0;14;10;1;0;1;0;1;0
2186;0.0256911741050279;-0.0123345421938329;0;0;0;0;0;0;0;0;0;1;2;2;15;11;3;4;1;0;1;0
2187;0.0116038666612756;-0.0311381140779387;0;0;0;0;0;0;0;0;0;0;1;0;18;18;1;1;0;1;0;0
2188;0.00463000044882815;-0.0351710721832363;0;0;0;1;2;3;0;1;2;5;3;3;11;4;4;1;0;0;0;0
2189;-0.0334576582629736;0.0044500163719662;2;1;2;0;2;16;1;0;13;1;0;1;0;0;1;0;0;0;0;0
2190;0.0437082696844647;0.0324909144348815;0;0;0;0;0;0;0;0;0;0;0;0;0;0;0;0;1;18;20;1
2191;-0.0065720947340256;-0.0343358097756457;0;1;0;2;0;8;0;2;9;2;2;5;4;4;1;0;0;0;0;0
2192;0.0359157271438768;0.0102416936640954;0;0;0;0;0;0;0;0;0;0;0;0;0;0;0;0;1;19;20;0
2193;-0.00132243216219744;-0.0358496411005483;0;0;1;2;2;1;3;4;2;4;4;1;5;2;1;1;3;1;2;1
2194;0.0223939339729163;-0.0180135589186486;0;0;1;1;0;0;0;1;0;0;4;1;14;15;1;2;0;0;0;0
2195;-0.0054390264997402;-0.034830088736806;0;0;0;1;2;16;1;1;12;1;1;2;1;1;1;0;0;0;0;0
2196;0.0284011657242173;-0.0070822336424962405;0;0;0;0;0;0;0;0;0;0;0;0;2;2;2;3;3;12;14;2
2197;-0.0394556222693635;0.0201872567298129;2;2;2;5;3;13;4;0;7;1;1;0;0;0;0;0;0;0;0;0
2198;0.0228401526473049;-0.017290707288439996;0;0;0;0;0;1;0;1;0;0;1;0;14;14;2;2;2;0;2;1
2199;0.0445034282158049;0.0350065209232216;0;0;0;0;0;0;0;0;0;0;0;1;0;0;0;1;0;19;18;1
21100;0.0025252595490672103;-0.0357018943680338;0;1;0;0;0;2;2;4;3;2;2;5;10;5;1;2;1;0;0;0
21101;0.00373759623296204;-0.0354349996551041;0;0;0;0;0;3;1;3;2;4;2;5;8;5;3;3;1;0;0;0
21102;0.0203179130706459;-0.0211885286561575;0;0;0;0;0;0;0;1;0;1;1;4;15;11;2;1;0;1;2;1
21103;-0.0435759402225637;0.0324954721025766;7;4;0;11;2;10;1;1;1;0;1;1;1;0;0;0;0;0;0;0
21104;-0.0552300280862753;0.0739117496820661;13;4;4;8;0;10;0;0;0;1;0;0;0;0;0;0;0;0;0;0
21105;0.0107082749618311;-0.0318515605866508;0;0;0;0;0;0;0;0;1;1;1;0;18;18;0;1;0;0;0;0
21106;0.0386801095036398;0.0176352788500694;0;0;0;0;0;0;0;0;0;1;0;2;2;0;1;0;2;14;18;0
21107;0.0481668053406618;0.0471828513471256;0;0;0;0;0;0;0;0;0;0;1;1;0;0;0;0;0;15;21;2
21108;0.0406873010048;0.0233477011673286;0;0;0;0;0;0;0;0;0;1;0;0;1;2;0;0;2;15;18;1
21109;0.0234837327810532;-0.0162229476201356;0;0;0;0;0;0;1;0;1;1;0;0;10;11;4;1;0;6;3;2
21110;-0.0205944445280054;-0.0205855617268714;0;0;0;4;1;17;0;1;14;1;2;0;0;0;0;0;0;0;0;0
21111;0.0357066057338712;0.0097047151060759;0;0;0;0;0;0;0;0;0;1;0;1;0;1;2;1;2;15;16;1
21112;-0.0419134372742497;0.0273824739136395;4;0;7;3;4;9;6;2;5;0;0;0;0;0;0;0;0;0;0;0
21113;0.0391822113624822;0.019037105415490002;0;0;0;0;0;0;0;0;0;0;1;1;1;1;1;2;3;16;14;0
21114;0.0473887373603127;0.0445160729828234;0;0;0;0;0;0;0;0;0;2;0;0;0;0;1;4;2;14;14;3
21115;-0.0546585628500643;0.0716533916850688;9;1;5;8;3;10;1;1;2;0;0;0;0;0;0;0;0;0;0;0
21116;0.0114263387524512;-0.0312841152095168;0;0;0;0;0;0;1;1;1;0;1;2;18;15;0;1;0;0;0;0
21117;0.0415353005495973;0.0258480556411047;0;0;0;0;0;0;0;0;0;0;0;1;0;0;1;1;0;16;21;0
21118;0.0299578376116781;-0.0038266400804258796;0;0;0;0;0;0;0;0;0;1;1;0;4;3;1;2;6;7;11;4
21119;-0.0335389991748926;0.0046461492920285;3;3;4;4;2;10;3;4;5;1;0;1;0;0;0;0;0;0;0;0
21120;-0.0517633198633749;0.0605722750735767;15;1;0;22;0;2;0;0;0;0;0;0;0;0;0;0;0;0;0;0
21121;-0.0384220576081592;0.0172911268504808;7;2;0;6;1;16;1;0;7;0;0;0;0;0;0;0;0;0;0;0
21122;-0.038601315101142;0.0177879198739818;2;1;2;1;1;14;4;2;11;1;1;0;0;0;0;0;0;0;0;0
21123;0.00229944405376489;-0.0357399425371334;0;2;0;1;0;1;2;1;4;1;3;1;12;8;3;1;0;0;0;0
21124;0.0462576811996925;0.0407170105963053;0;0;0;0;0;0;0;0;0;0;0;0;0;0;1;0;0;20;19;0
21125;0.0325790073131093;0.00204856454296171;0;0;0;0;0;0;0;0;0;4;1;0;5;5;0;0;1;11;12;1
21126;-0.0284931489709319;-0.00662086271967415;1;0;0;1;2;14;3;0;15;1;1;1;0;0;1;0;0;0;0;0
21127;-0.0511633562942385;0.0583513243993517;15;2;1;13;0;8;1;0;0;0;0;0;0;0;0;0;0;0;0;0
21128;-0.0430138411547451;0.0307445293591585;4;3;3;7;4;13;3;0;3;0;0;0;0;0;0;0;0;0;0;0
21129;0.0442242862110885;0.0341182383829722;0;0;0;0;0;0;0;0;0;0;0;0;0;0;1;0;0;19;20;0
21130;0.0353161479781047;0.00871051299148343;0;0;0;0;0;0;0;0;0;0;0;0;0;0;0;2;4;14;20;0
21131;-0.0210428088342851;-0.0199128511693155;0;0;0;0;0;18;3;1;17;1;0;0;0;0;0;0;0;0;0;0
21132;0.0447107905787689;0.0356700106832855;0;0;0;0;0;0;1;0;0;0;1;0;1;0;0;0;1;18;17;1
21133;-0.0169848908292363;-0.0254751007084395;0;1;2;2;1;16;1;0;15;2;0;0;0;0;0;0;0;0;0;0
21134;0.0456997628585155;0.0388768861222899;0;0;0;0;0;0;0;0;0;0;0;0;1;0;0;0;2;19;17;1
21135;0.0109879192984375;-0.0316349771159517;0;0;0;0;1;1;0;2;2;3;2;4;9;11;0;1;1;3;0;0
21136;-0.0487694311405954;0.0497469055340336;8;1;4;6;2;10;5;0;2;1;1;0;0;0;0;0;0;0;0;0
21137;0.020182179467648997;-0.0213853301455604;0;0;0;0;0;0;0;0;0;0;0;0;17;18;2;3;0;0;0;0
21138;0.0253483142784283;-0.0129614519356536;0;0;0;0;0;0;0;1;1;1;1;2;13;11;1;4;2;0;1;2
21139;-0.00444675468506735;-0.0351871982790601;0;0;0;0;1;10;0;0;11;4;6;0;4;2;0;1;1;0;0;0
21140;0.0018249487880096602;-0.0358079557186909;0;0;0;1;2;2;0;2;2;2;1;9;6;7;2;1;2;0;0;1
21141;-0.0111695927453659;-0.0313839141640036;0;0;1;1;0;18;0;1;14;1;0;2;2;0;0;0;0;0;0;0
21142;0.0330468268490541;0.0031490616477025;0;0;0;0;0;0;0;0;0;0;0;2;0;1;1;1;1;17;16;1
21143;0.0366438237647795;0.0121357988027572;0;0;0;0;0;0;0;0;0;0;0;1;1;2;2;3;2;13;15;1
21144;-0.0323954355584596;0.0019323677674232698;2;1;0;2;1;16;2;0;11;1;2;0;0;2;0;0;0;0;0;0
21145;0.048409095540839005;0.0480221654996045;0;0;0;0;0;0;0;0;0;0;0;0;1;0;0;1;0;19;19;0
21146;-0.0389294872699129;0.0187033953939668;3;3;4;10;2;10;0;1;3;1;1;1;1;0;0;0;0;0;0;0
21147;0.0447634240174891;0.0358389114999609;0;0;0;0;0;0;0;0;0;0;0;1;0;0;0;0;1;21;17;0
21148;-0.0276544408337444;-0.00831636156993918;0;2;2;2;1;12;5;2;10;1;0;1;1;0;0;1;0;0;0;0
21149;0.008523405619648991;-0.0333503236644367;0;0;0;0;0;1;0;1;2;0;0;0;12;18;2;1;1;1;0;1
21150;-0.0309648756921783;-0.00133021343769291;1;2;3;0;0;16;1;1;12;3;1;0;0;0;0;0;0;0;0;0
21151;0.00788799856151712;-0.0337218288892764;0;0;0;0;2;0;1;2;0;0;1;1;15;14;2;1;0;1;0;0
21152;-0.0485177967921944;0.0488663748090037;5;2;2;7;4;12;0;1;7;0;0;0;0;0;0;0;0;0;0;0
21153;0.0123584589603218;-0.0304922638669421;0;0;0;0;0;0;1;1;3;1;3;2;12;15;0;0;1;0;1;0
21154;0.0309629578098103;-0.00163206341354299;0;0;0;0;0;0;0;0;0;0;1;0;3;0;0;0;3;17;16;0
21155;0.0325782098134336;0.00204670193105164;0;0;0;0;0;0;0;1;0;0;0;1;3;1;1;2;3;12;15;1
21156;-0.0528279836755399;0.0645771151733674;17;2;1;13;0;4;0;2;0;1;0;0;0;0;0;0;0;0;0;0
21157;-0.0059251530598411;-0.0346293217935079;1;0;1;0;0;11;3;1;9;3;0;2;3;2;2;1;0;1;0;0
21158;0.0423458605464022;0.0282863062655529;0;0;0;0;0;0;0;0;0;0;0;0;0;0;0;0;2;18;20;0
21159;0.0510419914697207;0.0574146518704848;0;0;0;0;0;0;0;0;0;0;0;0;0;0;1;0;1;20;17;1
21160;0.021064426380250998;-0.0200824951926317;0;0;1;0;0;0;1;1;1;2;2;1;11;8;2;1;2;4;3;0
21161;-0.0301564607626447;-0.00310889694135633;1;0;2;4;2;17;2;2;9;1;0;0;0;0;0;0;0;0;0;0
21162;0.00276628713125058;-0.035657241421024;1;0;0;0;0;1;2;2;3;0;2;4;11;8;3;0;2;1;0;0
21163;0.0104902465219153;-0.0320165253446912;0;0;0;0;1;0;0;0;1;2;1;1;14;17;1;1;0;1;0;0
21164;-0.0162836392577549;-0.0263164422867953;2;2;1;0;0;12;0;4;13;2;0;1;2;0;1;0;0;0;0;0
21165;-0.0305572066081317;-0.0022330395997166197;1;1;0;2;1;18;2;0;11;3;0;1;0;0;0;0;0;0;0;0
21166;-0.0342123917939409;0.00628811940477464;2;2;0;2;1;15;2;2;13;0;1;0;0;0;0;0;0;0;0;0
21167;0.0504938544207455;0.0554182043154937;0;0;0;0;0;0;0;0;0;0;0;0;0;0;1;0;0;18;21;0
21168;-0.0201132577487524;-0.0212914519642981;0;1;1;1;1;15;3;1;9;2;5;0;0;1;0;0;0;0;0;0
21169;-0.0296272746352757;-0.00424779336541071;3;0;1;1;3;19;0;0;12;0;0;1;0;0;0;0;0;0;0;0
21170;-0.04071042874957499;0.0238064632104643;1;3;1;1;1;17;2;1;12;0;1;0;0;0;0;0;0;0;0;0
21171;-0.00165059260227708;-0.0358130207418342;0;1;0;1;2;6;5;1;5;1;4;5;1;4;3;0;0;0;0;1
21172;-0.0364760017176328;0.0120463999392615;1;1;3;2;2;14;4;2;8;2;0;0;1;0;0;0;0;0;0;0
21173;0.0395695000874691;0.0201307555435888;0;0;0;0;0;0;0;0;0;1;0;0;0;0;0;0;2;18;18;1
21174;-0.004505038683856571;-0.0351681776974571;0;0;0;1;0;14;0;0;13;2;4;2;1;0;0;0;2;0;0;1
21175;0.0278219496966038;-0.00824915825432711;0;0;0;0;0;1;0;1;2;2;2;1;8;10;2;1;4;0;4;2
21176;-0.00517875031304097;-0.0349306030426863;0;0;0;0;2;14;0;1;17;3;1;1;0;0;1;0;0;0;0;0
21177;-0.0191157126169703;-0.0227018444457539;1;0;2;2;3;14;3;0;10;0;1;1;0;1;1;0;0;1;0;0
21178;0.0255666268503807;-0.0125632500565453;0;0;0;0;0;0;1;0;0;1;1;0;12;14;1;2;3;1;3;1
21179;-0.00546292677506477;-0.0348206148937814;0;0;0;0;0;10;1;5;15;2;2;0;1;3;1;0;0;0;0;0
21180;0.0469251881972208;0.0429479608924684;0;0;0;0;0;0;0;0;1;0;0;2;0;1;0;1;3;17;9;6
21181;-0.00346181866631026;-0.0354717186080554;1;0;1;1;2;8;3;3;10;0;4;2;1;0;2;1;0;1;0;0
21182;0.0323599306310377;0.00153861446056262;0;0;0;0;0;0;0;0;0;0;0;2;2;1;2;1;0;14;18;0
21183;-0.00930051161387128;-0.032767159720422004;0;0;2;0;2;14;2;0;18;0;1;1;0;0;0;0;0;0;0;0
21184;0.0419417295234448;0.0270647375087793;0;0;0;0;0;0;0;0;0;0;0;0;3;0;1;3;1;15;17;0
21185;-0.0110909163251868;-0.0314471996168823;1;0;0;0;1;18;1;0;14;2;1;1;0;0;1;0;0;0;0;0
21186;0.028172211944244997;-0.00754637862716537;0;0;0;0;0;0;0;0;1;0;2;1;6;4;1;4;2;6;10;3
21187;0.0348392591097477;0.00751109289028281;0;0;0;0;0;1;1;1;0;1;2;2;1;2;0;4;1;11;11;2
21188;-0.0549462149570348;0.0727872238678201;15;2;0;15;0;7;0;1;0;0;0;0;0;0;0;0;0;0;0;0
21189;-0.00687318538037487;-0.0341889546745684;0;0;0;0;1;11;0;3;16;0;3;0;2;2;2;0;0;0;0;0
21190;-0.0209474054782079;-0.0200572006382002;0;0;0;0;0;19;0;0;21;0;0;0;0;0;0;0;0;0;0;0
21191;-0.0054298391361441;-0.0348337196019225;0;0;1;2;1;6;1;1;7;1;5;5;4;2;2;0;1;1;0;0
21192;0.013754903117848999;-0.0291891641818847;0;0;0;0;0;0;0;0;0;2;0;0;19;17;1;0;0;0;1;0
21193;-0.037139998962051;0.0138053316896347;2;0;2;3;5;15;1;2;7;2;0;0;0;0;1;0;0;0;0;0
21194;-0.00647290750196924;-0.0343827616697998;2;1;0;1;0;14;0;0;15;0;1;1;2;2;0;0;0;1;0;0
21195;0.0510945074932058;0.0576070609349821;0;0;0;0;0;0;0;0;0;0;0;0;0;0;0;0;0;17;23;0
21196;-0.0202215095652825;-0.0211340990461395;0;0;0;0;1;19;0;0;19;1;0;0;0;0;0;0;0;0;0;0
21197;0.0448073141146859;0.0359799070825488;0;0;0;0;0;0;0;0;0;0;0;0;1;3;1;0;0;19;15;1
21198;0.0463911082798456;0.0411603926639432;0;0;0;0;1;0;0;0;0;0;0;0;0;2;0;1;1;16;15;4
21199;0.0440700660861968;0.0336298814080276;0;0;0;0;0;0;0;0;0;0;0;0;0;1;3;1;0;15;19;1
21200;-0.0444607595682284;0.0352976763606888;7;4;3;7;3;8;3;0;3;1;1;0;0;0;0;0;0;0;0;0
21201;0.0310653546226074;-0.0014044170786896;0;0;0;0;0;0;0;0;0;0;2;2;13;13;1;1;2;4;1;1
21202;-0.0508304625958021;0.0571301697464888;10;2;4;14;0;7;1;2;0;0;0;0;0;0;0;0;0;0;0;0
21203;-0.0216608515521955;-0.0189618873398414;2;1;1;2;3;12;3;1;11;2;2;0;0;0;0;0;0;0;0;0
21204;-0.0144688817284174;-0.0283297330943326;0;1;1;1;3;13;1;3;10;2;1;2;1;1;0;0;0;0;0;0
21205;-0.0375903966948867;0.015016465757517;3;5;2;5;2;10;3;0;9;0;1;0;0;0;0;0;0;0;0;0
21206;-0.00389295983862506;-0.0353557501533611;0;0;0;0;0;7;4;3;10;2;4;1;1;2;1;1;2;0;2;0
21207;-0.0330215783363922;0.00340662515297381;2;1;1;3;1;17;1;2;11;0;0;0;1;0;0;0;0;0;0;0
21208;-0.0473416467908204;0.0448110535588252;9;5;2;10;2;9;1;1;1;0;0;0;0;0;0;0;0;0;0;0
21209;0.0113622739204272;-0.0313362469769038;0;0;0;0;0;0;1;2;0;2;1;0;15;15;1;2;1;0;0;0
21210;-0.0516099120209294;0.0600019278837982;8;3;3;7;5;7;2;2;2;0;1;0;0;0;0;0;0;0;0;0
21211;-0.015858544264273997;-0.0268092610205258;0;0;0;0;1;17;0;0;17;2;1;0;1;1;0;0;0;0;0;0
21212;0.0539690355066638;0.0684410198296836;0;0;0;0;0;0;0;0;0;0;0;0;0;0;1;0;0;24;15;0
21213;0.0353140272151455;0.008705142908717321;0;0;0;0;0;0;0;0;0;0;0;1;0;1;0;1;1;17;17;2
21214;-0.0195353281301542;-0.0221172760666809;1;0;1;0;0;12;1;3;15;3;2;1;1;0;0;0;0;0;0;0
21215;0.0436129401909114;0.0321923740386255;0;0;0;0;0;0;0;0;0;0;0;0;0;0;2;0;0;20;18;0
21216;0.0175353838077437;-0.0249584108975032;0;0;0;0;1;0;0;1;0;0;0;1;16;16;2;1;0;1;0;1
21217;-0.0170441942489116;-0.0254023300971576;0;0;2;0;0;17;2;0;17;0;0;1;0;1;0;0;0;0;0;0
21218;-0.0346870600899727;0.00746510300301349;2;1;2;0;0;15;4;1;12;2;0;0;1;0;0;0;0;0;0;0
21219;0.0160071669314778;-0.0267922760813073;0;0;0;1;0;1;0;0;2;2;0;5;12;12;1;1;2;1;0;0
21220;-0.00010121904051491;-0.0359179572191959;0;0;0;0;0;4;1;2;5;3;3;1;8;6;3;1;0;2;1;0
21221;0.0103566240320135;-0.0321159390718237;0;0;0;0;1;0;1;0;1;1;3;2;14;13;1;0;1;0;1;1
21222;-0.0346162667105309;0.00728853734347332;3;1;0;0;3;15;1;1;14;1;0;0;1;0;0;0;0;0;0;0
21223;-0.00994587512463767;-0.0323179140019912;0;0;1;1;3;11;2;3;9;2;3;1;2;1;1;0;0;0;0;0
21224;0.0104234163878687;-0.0320664065938574;0;0;0;0;0;1;1;0;2;2;3;5;10;10;2;1;0;1;2;0
21225;0.0507030228738387;0.0561774996550317;0;0;0;0;0;0;0;0;0;0;0;0;0;0;0;0;2;18;19;1
21226;0.0419145849689319;0.0269831080290641;0;0;0;0;0;0;0;0;0;0;0;0;0;0;0;1;1;17;21;0
21227;-0.0395166867122494;0.0203607650437705;4;0;1;1;2;13;3;2;12;2;0;0;0;0;0;0;0;0;0;0
21228;0.0446184072195326;0.0353740334965329;0;0;0;0;0;0;0;0;0;0;0;0;1;2;0;0;0;17;19;1
21229;-0.0475900147372063;0.0456591401367618;10;2;2;12;1;8;2;0;1;1;1;0;0;0;0;0;0;0;0;0
21230;0.0322830034797133;0.00136036717066335;0;0;0;0;0;0;2;1;0;0;0;0;1;1;4;1;3;13;13;1
21231;-0.0500452520991298;0.0542813152513449;12;4;2;8;3;9;1;0;0;1;0;0;0;0;0;0;0;0;0;0
21232;-0.0103141261818993;-0.0320481625520931;0;0;0;1;0;12;5;3;14;1;1;2;0;0;0;1;0;0;0;0
21233;0.00702622724905402;-0.0341793397749023;0;0;0;1;0;0;1;0;1;3;1;1;15;15;0;0;1;1;0;0
21234;0.006293365520110021;-0.0345264367282644;0;0;0;2;0;1;0;0;0;1;1;1;15;14;2;1;1;1;0;0
21235;0.053402005178622;0.0662569126515543;0;0;0;0;0;0;0;0;0;0;0;0;0;0;1;0;1;19;19;0
21236;-0.0280789406923865;-0.007464525274641859;0;0;2;0;0;19;2;1;16;0;0;0;0;0;0;0;0;0;0;0
21237;0.0317995460566326;0.00024988302379105;0;0;0;0;0;0;0;0;0;0;1;1;2;2;3;4;1;11;14;1
21238;-0.0209330705537107;-0.0200788335051862;0;1;0;2;1;15;1;3;13;0;1;2;1;0;0;0;0;0;0;0
21239;0.00683818440170849;-0.0342720802237596;0;0;0;0;1;2;0;2;1;3;1;6;8;2;6;4;1;1;2;0
21240;0.0296891084776381;-0.00440108678714591;0;0;0;0;0;0;0;1;0;3;3;1;3;1;2;2;3;7;12;2
21241;0.015364105452262;-0.0275137997354207;0;0;0;0;1;0;2;0;2;4;1;2;11;12;0;1;1;1;2;0
21242;-0.046283536339976;0.0412476437265741;4;2;8;7;2;9;2;0;4;1;0;1;0;0;0;0;0;0;0;0
21243;0.0012459792938931198;-0.0358690362788208;0;0;0;1;2;5;3;3;6;3;1;1;4;4;3;2;1;0;0;1
21244;0.0119535443222007;-0.0308439131717617;0;0;0;0;0;0;0;1;0;1;2;2;15;14;1;2;0;1;1;0
21245;-0.021105649416791;-0.0198174134256136;0;0;0;0;0;21;0;1;17;1;0;0;0;0;0;0;0;0;0;0
21246;0.0332137896451967;0.0035456312248830103;0;0;0;0;0;0;0;0;0;1;1;2;0;1;1;3;0;11;18;2
21247;-0.0180836512557435;-0.0240857997980322;0;0;0;1;0;13;2;1;20;0;0;1;2;0;0;0;0;0;0;0
21248;0.0140777669374241;-0.0288679433843629;0;0;0;0;0;0;1;1;2;3;2;2;11;12;1;3;0;2;0;0
21249;0.0254873005529156;-0.0127083371459787;0;0;0;0;1;0;0;0;2;0;0;0;13;9;2;4;3;1;3;2
21250;-0.0039683784800719;-0.0353340917851321;0;0;0;1;1;13;2;2;10;4;1;1;1;2;1;0;0;1;0;0
21251;0.00695054220976225;-0.0342169721637917;0;0;0;0;0;3;2;1;5;1;3;2;10;6;1;2;2;2;0;0
21252;-0.0437845419257909;0.0331510425963414;9;1;4;7;1;12;2;1;3;0;0;0;0;0;0;0;0;0;0;0
21253;0.0147437724828212;-0.0281816712160891;0;0;0;0;1;0;0;0;0;1;0;4;12;20;0;1;0;1;0;0
21254;-0.0385227577387281;0.0175699223781492;3;2;4;3;1;12;1;0;13;1;0;0;0;0;0;0;0;0;0;0
21255;-0.0117697426646711;-0.0308865345167591;0;0;1;0;0;12;1;0;17;1;3;3;1;1;0;0;0;0;0;0
21256;0.0458378786433974;0.0393303365371401;0;0;0;0;0;0;0;0;1;0;0;0;0;1;1;1;3;15;17;1
21257;-0.007587446123610209;-0.0338145291703435;0;0;3;1;1;7;6;4;4;3;4;1;2;2;0;0;2;0;0;0
21258;0.0453042304804486;0.0375858882331105;0;0;0;0;0;0;0;0;0;0;0;0;0;0;0;0;0;19;21;0
21259;0.0505248647210955;0.0555305753177938;0;0;0;0;0;0;0;0;0;0;0;0;0;0;1;0;4;17;16;2
21260;-0.0122551753584776;-0.0304652994045713;0;0;0;0;0;17;3;1;16;0;0;0;0;2;1;0;0;0;0;0
21261;-0.0227932424481454;-0.0171483139918131;2;1;3;1;0;13;2;1;9;2;2;1;0;0;1;2;0;0;0;0
21262;-0.0375912879214342;0.0150188767410935;1;1;2;2;0;21;1;0;11;0;1;0;0;0;0;0;0;0;0;0
21263;0.0277022848369104;-0.00848723857523585;0;0;0;0;0;0;2;0;0;4;1;3;4;3;0;3;3;6;8;3
21264;0.009065713072778021;-0.0330103104993005;0;0;0;1;1;1;0;2;2;1;3;1;15;7;1;2;0;1;1;1
21265;0.00333543598943735;-0.0355352379262858;0;0;2;1;1;3;2;0;6;3;3;3;4;7;0;2;2;0;0;1
21266;0.0332942580143477;0.0037374746326873202;0;0;0;0;0;0;0;0;0;0;0;0;2;3;0;0;0;16;18;1
21267;0.0222053519650769;-0.0183147522983404;0;0;0;0;0;0;1;0;1;0;3;3;14;8;1;2;1;3;3;0
21268;-0.015316077742374;-0.0274192975566029;0;0;0;1;1;14;1;2;17;0;1;2;1;0;0;0;0;0;0;0
21269;-0.0305619369920609;-0.0022226321290623897;2;0;3;1;2;14;2;2;10;2;0;0;2;0;0;0;0;0;0;0
21270;-0.0450421765604645;0.0371696323439799;4;1;2;6;2;14;1;2;7;1;0;0;0;0;0;0;0;0;0;0
21271;-0.0136313135584241;-0.0291791369016986;1;0;0;4;1;18;0;1;14;0;0;0;1;0;0;0;0;0;0;0
21272;-0.035055695037308;0.00839033330150537;3;1;2;4;3;11;2;3;8;1;2;0;0;0;0;0;0;0;0;0
21273;0.0131980831416595;-0.0297255566060506;0;0;0;1;0;0;1;1;1;1;0;2;13;9;1;0;4;2;3;1
21274;0.0411895526931818;0.0248223693558549;0;0;0;0;0;0;0;0;0;0;1;0;1;0;1;3;1;16;17;0
21275;0.00552402766405024;-0.0348492981192994;1;0;0;1;1;3;1;2;5;1;1;2;6;7;2;1;3;2;1;0
21276;0.0019343590501971898;-0.0357937078179978;0;0;3;0;1;3;1;0;8;1;2;2;9;2;2;5;0;1;0;0
21277;0.0434349371289366;0.0316366750063997;0;0;0;0;0;0;0;0;0;0;0;1;1;0;0;1;1;17;17;2
21278;-0.0287389505410847;-0.00611438506110602;2;2;0;0;0;20;1;2;12;1;0;0;0;0;0;0;0;0;0;0
21279;0.0141559597608217;-0.0287890220715144;0;0;0;0;1;1;1;2;2;0;3;1;13;10;0;1;1;2;2;0
21280;0.0187112995689316;-0.0234330923955007;0;0;1;0;0;0;0;1;2;0;3;3;5;7;3;2;3;3;6;1
21281;0.0068023565093487;-0.0342894620069977;0;1;0;0;0;3;0;2;1;2;0;0;10;13;2;2;2;0;1;1
21282;0.00453346461960021;-0.0352023821740838;0;0;1;1;0;2;1;1;4;1;3;4;11;4;2;2;2;1;0;0
21283;0.0478323187473657;0.0460310905409332;0;0;0;0;0;0;0;0;0;0;0;1;0;0;0;0;0;18;21;0
21284;-0.00486840488236934;-0.0350440923967722;0;0;0;1;1;14;0;1;14;2;1;3;0;1;1;0;0;1;0;0
21285;-0.0486346841078833;0.0492748266622507;7;4;3;7;3;10;1;1;2;2;0;0;0;0;0;0;0;0;0;0
21286;-0.019051087630865;-0.0227907497785293;0;1;0;0;2;16;1;2;15;2;1;0;0;0;0;0;0;0;0;0
21287;-0.0313484804018809;-0.00046977770434281904;2;1;2;1;3;15;1;0;11;0;2;1;0;1;0;0;0;0;0;0
21288;-0.0412650234055009;0.025442110459461;7;1;0;3;7;9;3;0;7;3;0;0;0;0;0;0;0;0;0;0
21289;0.0256510625969166;-0.0124083211676909;0;0;0;0;0;1;1;0;1;3;0;1;11;12;0;3;2;1;4;0
21290;0.0200030219636838;-0.0216430660136445;0;0;0;0;0;0;0;0;0;2;0;1;18;12;3;2;0;0;0;2
21291;-0.0132586627534025;-0.0295408546265112;0;0;0;1;0;16;1;0;19;2;1;0;0;0;0;0;0;0;0;0
21292;0.0385741802759507;0.0173418467384153;0;0;0;0;0;0;0;0;0;0;0;2;0;0;0;3;0;17;18;0
21293;0.0466956723896563;0.0421772594981412;0;0;0;0;0;0;0;0;0;0;0;0;0;1;0;1;1;18;19;0
21294;-0.0181357959391112;-0.024017711104221;0;0;1;1;0;17;2;2;14;1;0;0;1;0;1;0;0;0;0;0
21295;0.0262476002846344;-0.0112991589822028;0;0;0;0;0;0;0;0;1;0;0;0;17;17;2;1;1;1;0;0
21296;0.0312967096788767;-0.000887300144784428;0;0;0;0;0;0;0;1;0;3;0;1;6;4;4;2;4;6;7;2
21297;-0.0184762326488969;-0.0235683803029639;1;0;0;2;3;14;1;1;11;4;1;0;1;1;0;0;0;0;0;0
21298;-0.000937765556807719;-0.0358827181778483;0;1;1;0;1;5;2;4;6;3;6;0;4;2;5;0;0;0;0;0
21299;-0.01985547695019;-0.0216627683935372;0;0;0;1;0;18;1;2;14;3;0;1;0;0;0;0;0;0;0;0
21300;-0.0232781566927356;-0.0163435332232429;0;0;0;1;1;18;0;0;19;1;0;0;0;0;0;0;0;0;0;0
21301;-0.0355786107548247;0.00971953572163653;3;1;0;3;1;17;0;2;13;0;0;0;0;0;0;0;0;0;0;0
21302;0.0531569266296721;0.0653200594936899;0;0;0;0;0;0;0;0;0;0;0;0;0;0;0;1;0;18;21;0
21303;0.0444674680741103;0.0348917748609778;0;0;0;0;0;0;0;0;0;0;0;0;0;0;0;0;0;19;21;0
21304;-0.050139964642992;0.0546225966790207;10;2;2;9;1;11;1;1;3;0;0;0;0;0;0;0;0;0;0;0
21305;-0.0452523828872426;0.0378523990163202;7;0;2;9;6;9;1;2;3;0;1;0;0;0;0;0;0;0;0;0
21306;-0.0321186573854877;0.00128966812352247;0;2;2;4;0;17;2;2;10;0;1;0;0;0;0;0;0;0;0;0
21307;-0.0328727451454941;0.00305364474839048;1;0;2;2;0;15;0;3;15;1;0;0;1;0;0;0;0;0;0;0
21308;0.00665373528182259;-0.0343605804586294;0;0;0;0;0;2;1;0;1;0;1;1;16;12;3;1;1;0;1;0
21309;-0.0415735445755545;0.0263615863072429;5;1;5;7;4;12;0;2;3;1;0;0;0;0;0;0;0;0;0;0
21310;0.0412828455777772;0.025098283547452003;0;0;0;0;0;1;0;0;0;0;0;1;0;0;0;0;1;17;18;2
21311;0.0429030602293466;0.0299897964107996;0;0;0;0;0;0;0;0;0;0;1;1;0;1;0;1;1;14;17;4
21312;0.0294062427289417;-0.00500014820113634;0;0;0;0;0;0;0;1;2;2;0;3;6;4;1;2;2;9;7;1
21313;-0.0387228319134837;0.0181260035607751;3;1;2;5;0;17;2;0;8;1;1;0;0;0;0;0;0;0;0;0
21314;0.0118777354258763;-0.0309084406364887;0;0;0;0;0;0;0;0;1;1;1;0;19;15;2;1;0;0;0;0
21315;0.0202309825262575;-0.0213147224943679;0;0;0;0;0;0;0;0;0;0;1;1;17;16;1;2;1;0;0;1
21316;-0.0200704262878471;-0.0213534785804135;1;2;0;1;1;15;2;1;16;0;0;0;1;0;0;0;0;0;0;0
21317;0.0429355982366443;0.0300899619743574;0;0;0;0;0;0;0;0;0;0;0;0;1;2;0;0;0;18;17;2
21318;0.0132252848510857;-0.0296998702863497;0;0;1;0;0;1;0;1;2;1;1;0;10;9;6;3;2;0;2;1
21319;-0.0135861592520324;-0.0292234976036255;0;0;0;1;2;15;2;1;15;0;1;2;1;0;0;0;0;0;0;0
21320;-0.0246558052247414;-0.0139649730499716;0;0;1;0;1;16;0;0;19;2;0;0;1;0;0;0;0;0;0;0
21321;0.0043996608611070204;-0.0352446724466028;0;0;0;0;0;0;0;3;2;2;4;2;10;10;2;2;3;0;0;0
21322;-0.0489457686000906;0.0503666645520793;14;2;0;14;0;8;0;0;2;0;0;0;0;0;0;0;0;0;0;0
21323;0.0216121252330023;-0.019245564416538997;0;0;0;0;1;0;1;0;0;0;0;0;15;14;2;2;1;1;2;1
21324;0.0100836832455705;-0.0323150183183989;0;0;0;0;1;1;1;0;2;1;1;1;15;10;1;0;2;3;0;1
21325;0.0192495995310118;-0.0227017015186776;0;0;0;0;0;0;0;0;0;2;1;1;16;14;2;2;0;1;1;0
21326;-0.00559698527970523;-0.0347667147642138;1;0;0;3;2;10;4;3;7;2;3;1;2;0;0;1;1;0;0;0
21327;0.0361552223481676;0.0108605247294447;0;0;0;0;0;0;0;0;0;0;0;0;0;1;2;0;3;15;18;1
21328;-0.00257237713838442;-0.035668771243944;0;0;0;0;3;5;3;2;5;7;3;7;2;1;0;1;0;0;0;1
21329;0.0388464129266194;0.0180975782886219;0;0;0;0;0;0;0;0;0;0;1;0;1;0;0;0;0;18;18;2
21330;-0.0291661199473796;-0.00522387070186883;1;3;2;0;3;15;3;0;13;0;0;0;0;0;0;0;0;0;0;0
21331;-0.0305140642214179;-0.0023278843751099103;1;1;1;2;1;20;0;2;10;0;1;0;0;1;0;0;0;0;0;0
21332;0.0498129570561655;0.0529682701422927;0;0;0;0;0;0;0;0;0;0;0;0;0;0;0;0;1;20;18;1
21333;0.0175090541277948;-0.0249914269794208;0;0;0;0;0;0;0;1;3;6;2;7;8;4;2;0;2;2;3;0
21334;-0.0494140944459279;0.0520234958921147;8;3;1;11;2;10;0;2;3;0;0;0;0;0;0;0;0;0;0;0
21335;-0.00843573570328672;-0.0333222336585215;1;1;0;0;1;9;4;5;8;3;1;3;1;1;0;1;0;1;0;0
21336;0.00830057385720339;-0.0334839095269182;0;0;0;0;1;1;0;2;0;2;4;2;15;10;1;0;1;0;1;0
21337;-0.0109944548717734;-0.0315241841158093;0;0;1;1;2;16;0;0;15;1;2;0;1;0;0;1;0;0;0;0
21338;-0.009162271535659629;-0.0328594994703544;0;1;1;0;2;11;0;1;9;3;4;3;0;2;0;1;2;0;0;0
21339;-0.0386256400218175;0.0178555116717977;2;0;0;6;1;18;0;1;12;0;0;0;0;0;0;0;0;0;0;0
21340;-0.0416030437482446;0.0264498599130147;2;1;2;3;1;15;2;0;11;1;1;1;0;0;0;0;0;0;0;0
21341;0.0409470352079068;0.0241080478552646;0;0;0;0;0;0;0;0;0;0;0;0;1;0;1;2;0;17;18;1
21342;-0.0007744031865676481;-0.0358935498217821;0;0;0;0;0;8;5;3;9;1;4;0;3;0;2;3;1;1;0;0
21343;-0.0522797066778703;0.0625045466142746;9;4;8;7;3;4;1;1;2;1;0;0;0;0;0;0;0;0;0;0
21344;-0.0506231967314794;0.0563738772906646;9;3;3;5;7;7;0;3;2;1;0;0;0;0;0;0;0;0;0;0
21345;0.0408452121000641;0.0238093930443761;0;0;0;0;0;0;0;0;0;0;0;0;1;2;2;0;2;16;15;2
21346;-0.0164446394901097;-0.0261264030523904;0;0;0;0;1;14;1;3;21;0;0;0;0;0;0;0;0;0;0;0
21347;0.0355886974317598;0.0094033370961987;0;0;0;0;0;0;0;0;0;0;3;1;4;0;1;0;1;13;16;1
21348;0.0496207155170058;0.0522825957046392;0;0;0;0;0;0;0;0;0;0;0;0;0;0;0;0;0;19;20;1
21349;-0.0313116144048555;-0.000552928277661471;1;2;4;4;1;13;3;1;5;2;2;0;0;1;0;1;0;0;0;0
21350;0.0449757149972295;0.0365221738171656;0;0;0;0;0;0;0;0;0;0;0;0;0;1;1;1;0;18;15;4
21351;-0.0258601841071165;-0.0117738710734528;0;2;2;2;3;16;0;0;14;0;1;0;0;0;0;0;0;0;0;0
21352;-0.0220285001858913;-0.0183831808432909;0;0;0;3;0;20;0;0;16;1;0;0;0;0;0;0;0;0;0;0
21353;0.0372475190339009;0.0137351589525753;0;0;0;0;0;0;0;0;0;0;0;1;0;0;0;2;0;17;18;2
21354;0.0408092368676245;0.023704053051200002;0;0;0;0;0;0;0;0;0;0;0;0;0;0;0;0;1;19;19;1
21355;-0.0410422938135582;0.0247825666310192;0;2;1;0;0;18;2;2;15;0;0;0;0;0;0;0;0;0;0;0
21356;-0.0327699030787268;0.0028106689246255603;0;1;2;1;2;16;0;3;14;0;1;0;0;0;0;0;0;0;0;0
21357;0.006382524336183379;-0.0344862708986084;0;0;0;0;0;2;2;5;1;2;1;3;10;8;2;1;3;0;0;0
21358;0.0321218042189107;0.000988232419178122;0;0;0;0;0;0;0;0;1;1;2;1;4;1;4;6;2;7;9;2
21359;-0.0400448514682278;0.0218726689997494;4;0;1;3;0;18;0;0;13;0;1;0;0;0;0;0;0;0;0;0
21360;0.0379130300750904;0.0155286262031708;0;0;0;0;0;0;0;0;0;0;0;1;2;0;2;0;0;17;17;1
21361;-0.037475475744331;0.0147060548162269;4;1;2;2;2;14;3;1;11;0;0;0;0;0;0;0;0;0;0;0
21362;-0.026019827917612003;-0.0114756127390815;0;2;1;0;1;16;1;2;16;1;0;0;0;0;0;0;0;0;0;0
21363;-0.000301448331703567;-0.035914099067680005;0;0;0;0;2;11;1;1;7;2;4;2;4;3;1;0;2;0;0;0
21364;-0.0232221825531794;-0.0164372922723859;1;0;1;0;2;18;0;1;13;0;1;0;1;2;0;0;0;0;0;0
21365;-0.00535612182220571;-0.0348626333188486;0;0;1;1;1;10;3;0;12;3;0;4;2;1;2;0;0;0;0;0
21366;0.0439370628301296;0.0332100824128797;0;0;0;0;0;0;0;0;0;0;0;0;1;0;0;1;0;20;17;1
21367;0.019890772305968998;-0.0218033733808038;0;0;0;0;0;0;0;0;0;0;0;0;21;16;2;0;1;0;0;0
21368;0.0324986420897135;0.0018610960643377198;0;0;0;0;0;0;0;0;0;1;0;0;2;3;0;3;1;17;13;0
21369;-0.0187271172849813;-0.0232319175499578;0;0;2;0;1;15;1;1;19;0;0;1;0;0;0;0;0;0;0;0
21370;0.0197960732359863;-0.0219379122543527;0;0;0;0;0;0;0;0;0;1;0;2;15;17;0;0;3;1;0;1
21371;-0.0416323508219108;0.026537620583715;7;4;2;12;1;9;1;0;2;1;0;1;0;0;0;0;0;0;0;0
21372;0.0322744056047588;0.00134047151536074;0;0;0;0;0;0;0;1;0;0;0;2;1;3;1;1;3;12;14;2
21373;0.00904585575688587;-0.03302313317627201;0;0;0;1;0;1;0;0;0;0;0;3;16;16;0;0;0;1;1;1
21374;-0.0497559431669498;0.05324282762812099;6;7;4;6;5;7;0;0;4;1;0;0;0;0;0;0;0;0;0;0
21375;0.005050818730316729;-0.0350267659411335;0;0;0;0;0;1;1;0;0;1;1;1;18;10;3;2;0;1;1;0
21376;-0.00519012976133152;-0.0349263102233877;0;0;1;0;3;7;0;1;11;3;2;6;1;2;0;0;2;0;0;1
21377;0.00423860054808215;-0.0352938716613417;0;1;0;0;1;3;2;1;2;2;8;3;7;5;2;0;1;0;2;0
21378;-0.0081242789470389;-0.0335089897884785;0;0;0;0;3;11;2;3;13;1;3;0;2;2;0;0;0;0;0;0
21379;0.0211005252900716;-0.0200279963211268;0;0;0;0;0;0;0;1;1;0;0;5;12;11;1;4;2;0;2;1
21380;-0.0444441933949605;0.0352446949953848;4;3;3;8;3;11;4;1;3;0;0;0;0;0;0;0;0;0;0;0
21381;-0.026349086722679004;-0.0108546851209211;1;1;2;1;1;12;4;3;12;0;2;0;0;0;0;0;1;0;0;0
21382;0.0312631415742474;-0.000962568904728007;0;0;0;0;0;0;0;1;0;0;0;0;0;0;1;3;1;16;17;1
21383;-0.0457266248183998;0.0394044331188427;6;2;3;6;4;10;3;1;3;0;1;1;0;0;0;0;0;0;0;0
21384;-0.0501484196178308;0.0546530941530134;12;4;3;10;2;6;1;0;1;0;0;1;0;0;0;0;0;0;0;0
21385;-0.0235132647762163;-0.0159472591160661;1;0;0;0;3;17;0;1;15;3;0;0;0;0;0;0;0;0;0;0
21386;-0.0251327650811947;-0.0131097117152145;1;0;2;2;2;18;2;1;12;0;0;0;0;0;0;0;0;0;0;0
21387;0.016148381913947;-0.0266298529007078;0;0;0;1;0;0;1;0;0;2;3;0;13;11;2;0;0;3;3;1
21388;-0.0329845613035944;0.0033186849938674897;2;1;1;1;2;17;3;0;12;1;0;0;0;0;0;0;0;0;0;0
21389;0.0049365232757414;-0.0350672183167902;0;0;1;0;0;2;3;2;2;2;2;2;12;6;1;3;1;1;0;0
21390;0.00212536017118344;-0.035766773803234;0;1;0;0;0;1;0;0;4;0;1;4;11;9;4;2;2;1;0;0
21391;0.0199558216037862;-0.0217105846577527;0;0;0;0;0;0;1;0;0;2;0;0;16;18;1;0;0;2;0;0
21392;0.00583924214411888;-0.0347221564173663;0;0;0;1;0;2;2;0;0;2;1;0;14;11;3;1;2;1;0;0
21393;0.0260960839182169;-0.0115833002905906;0;0;0;0;0;0;0;0;1;0;0;0;17;16;2;2;0;2;0;0
21394;0.0468851651804167;0.0428132934035904;0;0;0;0;0;0;0;0;0;0;0;0;0;1;1;0;3;12;23;0
21395;0.0514070487042645;0.0587562527005124;0;0;0;0;0;0;0;0;0;0;0;1;0;0;0;0;0;19;20;0
21396;-0.00197215397250419;-0.035769632438769995;0;0;0;0;0;8;1;2;12;1;1;3;2;2;5;1;0;2;0;0
21397;-0.0144119375721997;-0.0283890785879525;0;0;0;2;2;15;0;1;16;0;0;1;1;1;0;0;0;1;0;0
21398;-0.0389592458596952;0.0187867931295653;1;0;3;3;0;15;3;0;15;0;0;0;0;0;0;0;0;0;0;0
21399;-0.00147106545205371;-0.0358340131353386;2;0;0;0;3;7;0;1;9;2;1;2;3;2;1;4;0;2;1;0
21400;-0.00618275869797085;-0.0345160507564503;0;0;0;0;0;14;0;2;18;1;2;0;0;2;1;0;0;0;0;0
21401;-0.0414801925342123;0.0260826506998944;2;1;5;6;2;14;2;1;4;2;0;0;0;1;0;0;0;0;0;0
21402;-0.00378931757740621;-0.0353848470557848;0;0;1;0;2;9;1;3;8;2;3;2;1;5;0;1;1;1;0;0
21403;-0.00928480776888748;-0.0327777184819945;0;0;0;1;1;13;2;1;15;0;2;2;1;1;0;0;0;1;0;0
21404;0.0130009925201088;-0.0299100796119911;0;0;0;0;0;0;1;0;0;2;0;0;20;17;0;0;0;0;0;0
21405;-0.0277300861186757;-0.00816551339464998;1;0;0;1;1;19;1;0;15;1;0;0;1;0;0;0;0;0;0;0
21406;0.0359535022299642;0.0103390269143423;0;0;0;0;0;0;0;0;0;0;0;1;0;0;1;1;0;19;17;1
21407;0.0330723753263053;0.0032096145492485602;0;0;0;0;0;0;1;0;0;0;0;0;1;1;4;2;2;13;15;1
21408;-0.00039207967598023396;-0.0359114058634568;0;0;0;2;1;8;0;2;7;6;2;7;3;0;2;0;0;0;0;0
21409;0.009920678844226509;-0.0324313590552748;0;0;0;0;0;2;1;1;1;2;2;3;11;11;0;1;0;3;1;1
21410;-0.0307606339823506;-0.0017840206022566199;1;0;1;2;1;19;0;1;15;0;0;0;0;0;0;0;0;0;0;0
21411;-0.0204583743090033;-0.0207868604437216;0;2;1;1;1;17;0;1;15;0;1;0;0;0;0;0;0;1;0;0
21412;0.0487149889450985;0.0490878297100285;0;0;0;0;0;0;0;0;0;0;0;0;0;0;0;1;0;20;18;1
21413;-0.0220460022676574;-0.0183553891286688;0;1;1;0;0;20;2;0;15;1;0;0;0;0;0;0;0;0;0;0
21414;0.0381570350766555;0.0161941598505769;0;0;0;0;0;0;0;0;0;0;0;0;0;0;1;2;1;17;19;0
21415;0.0217726184111931;-0.0189962345567866;0;0;0;0;0;0;0;0;2;0;4;1;12;14;1;0;2;2;2;0
21416;0.0503488716282943;0.0548937514570172;0;0;0;0;0;0;0;0;0;0;1;0;0;0;0;0;1;16;21;1
21417;0.0277341312107281;-0.00842397878380134;0;0;0;0;0;0;0;0;0;0;3;3;4;1;6;3;1;9;8;2
21418;-0.0118588170187687;-0.0308105082089743;0;0;2;0;2;16;1;2;13;1;2;0;1;0;0;0;0;0;0;0
21419;-0.0182405888952987;-0.0238802854278916;0;0;0;2;1;16;0;1;15;2;2;1;0;0;0;0;0;0;0;0
21420;-0.0414738079428559;0.0260635964332008;2;2;1;5;2;15;0;1;9;2;1;0;0;0;0;0;0;0;0;0
21421;-0.0105420300258567;-0.0318763381685289;0;0;1;1;1;14;1;2;11;1;0;1;3;1;0;2;1;0;0;0
21422;0.0387296599134279;0.0177728140193359;0;0;0;0;0;0;0;0;0;0;1;0;1;0;1;0;2;17;16;2
21423;-0.0150896038748255;-0.0276677260915001;0;0;0;1;0;15;3;4;13;3;0;1;0;0;0;0;0;0;0;0
21424;-0.033024190267169996;0.0034128339497356;1;2;2;0;1;17;0;1;14;0;1;0;0;1;0;0;0;0;0;0
21425;-0.0201100443439964;-0.0212961100468842;0;0;1;0;1;19;1;1;16;0;0;0;0;1;0;0;0;0;0;0
21426;0.0350223653586473;0.007969690033636321;0;0;0;0;0;0;0;0;0;0;0;1;0;1;2;0;3;16;17;0
21427;0.0375796169265209;0.0146261432151849;0;0;0;0;0;0;0;0;0;0;0;0;2;1;1;3;3;16;14;0
21428;-0.0208744466538561;-0.0201671493356147;0;0;1;1;2;13;2;1;17;1;0;0;1;1;0;0;0;0;0;0
21429;0.0250132964806434;-0.0135658655434466;0;0;0;0;0;0;0;0;1;0;1;0;18;17;0;1;1;1;0;0
21430;0.00261696859838279;-0.0356853961493618;0;1;0;0;1;5;2;2;8;4;1;3;4;2;2;3;1;0;0;1
21431;0.0150249052853055;-0.0278824193496101;0;0;0;0;0;0;0;0;1;3;0;3;17;11;1;2;0;1;1;0
21432;0.0359527831354346;0.010337173100881;0;0;0;0;0;0;0;0;1;0;0;1;0;0;0;3;2;15;18;0
21433;0.0075813617840806095;-0.0338907353752301;0;0;0;0;2;0;0;1;3;3;2;0;11;15;0;0;1;2;0;0
21434;0.0241693593746584;-0.0150526947090903;0;0;0;0;0;0;0;0;1;2;0;1;7;9;0;4;2;5;7;2
21435;-0.00298020873024928;-0.0355854726122803;0;1;0;0;1;9;1;0;7;1;2;3;6;2;4;1;1;1;0;0
21436;0.0308504467588344;-0.00188132700029715;0;0;0;0;0;0;0;0;1;2;2;0;2;4;1;2;3;10;12;1
21437;-0.0050458246408547295;-0.0349800593569774;0;0;0;1;0;13;2;1;14;5;3;0;1;0;0;0;0;0;0;0
21438;-0.0363644945091719;0.0117541228872761;1;3;3;5;1;13;1;1;10;1;1;0;0;0;0;0;0;0;0;0
21439;-0.0403440580299344;0.0227380579832409;4;3;0;3;3;13;2;0;12;0;0;0;0;0;0;0;0;0;0;0
21440;0.008266696956921941;-0.03350390609044;0;0;0;1;0;0;0;2;0;0;0;0;16;17;1;0;2;0;1;0
21441;-0.0257497703360528;-0.0119790831894778;1;0;0;1;0;19;0;0;18;0;1;0;0;0;0;0;0;0;0;0
21442;-0.002909972579132;-0.0356006698643936;0;0;1;1;0;13;1;1;15;2;2;1;1;0;1;0;0;0;1;0
21443;0.035646610783374;0.0095512409787941;0;0;0;0;0;0;0;0;0;0;0;3;1;3;0;4;1;17;11;0
21444;-0.037479458751416;0.0147167973746974;3;0;5;3;1;15;1;1;10;1;0;0;0;0;0;0;0;0;0;0
21445;-0.0309441653385626;-0.00137636655423481;2;0;0;2;4;17;0;2;12;0;1;0;0;0;0;0;0;0;0;0
21446;0.00189419528909822;-0.0357990380225714;0;0;1;0;2;4;2;2;4;1;5;2;8;4;2;1;1;1;0;0
21447;-0.0346745091841069;0.0074337735513625;5;1;0;9;4;9;3;1;6;0;0;1;0;0;1;0;0;0;0;0
21448;0.0151715459808766;-0.0277240744813344;0;0;0;0;0;1;1;1;0;3;1;1;14;15;1;0;0;1;1;0
21449;-0.00642170886458993;-0.034406720821169995;1;0;1;1;4;10;2;2;6;1;1;5;3;2;0;1;0;0;0;0
21450;-0.0324470381555768;0.00205280151719802;0;1;0;1;2;20;0;0;16;0;0;0;0;0;0;0;0;0;0;0
21451;0.019649705251735;-0.022144589725209;0;0;0;0;0;0;0;1;1;0;3;2;13;13;0;2;3;1;1;0
21452;-0.0202945070660844;-0.0210275159425571;0;1;1;1;0;13;0;1;18;0;0;1;2;2;0;0;0;0;0;0
21453;-0.0437049838519348;0.0329006474713902;3;1;1;3;2;17;1;1;10;0;1;0;0;0;0;0;0;0;0;0
21454;-0.00894190592944855;-0.0330038578659063;0;0;1;0;2;13;1;2;12;2;0;2;1;2;1;1;0;0;0;0
21455;0.00953623102897437;-0.0326981903463836;0;0;0;1;0;1;0;2;3;1;2;2;11;10;3;2;1;0;0;1
21456;0.0159414856958825;-0.0268673334644473;0;0;0;0;0;0;0;1;1;2;0;2;15;13;0;2;2;1;1;0
21457;-0.0422736494557342;0.0284734505078327;2;3;1;5;6;13;0;2;6;1;1;0;0;0;0;0;0;0;0;0
21458;0.0329141393437273;0.0028353307742089;0;0;0;0;0;0;0;0;0;0;1;0;1;3;3;2;2;13;12;3
21459;0.0106137814904163;-0.0319234755607878;0;0;0;0;2;1;2;0;0;2;3;2;9;9;5;2;1;0;1;1
21460;0.0302020381513146;-0.00330012762157834;0;0;0;0;0;0;0;0;0;0;1;0;0;1;1;1;0;17;19;0
21461;-0.0309510318841704;-0.0013610678407559198;4;0;2;2;1;17;2;3;9;0;0;0;0;0;0;0;0;0;0;0
21462;0.0365502823705182;0.0118903237365483;0;0;0;0;0;0;1;0;0;0;1;0;0;0;3;4;5;8;14;4
21463;0.0254352091234523;-0.0128033660143819;0;0;0;0;0;1;1;1;0;0;0;1;4;2;4;4;4;7;10;1
21464;0.0013816819711286801;-0.0358568804215742;2;0;0;1;0;7;3;2;9;1;1;4;3;3;2;1;0;0;1;0
21465;0.00731384958516706;-0.0340325738094192;0;0;0;0;2;3;0;3;3;1;0;1;13;11;2;0;1;0;0;0
21466;-0.0113524139383056;-0.0312351399357702;0;0;0;0;0;18;2;1;15;1;0;2;1;0;0;0;0;0;0;0
21467;-0.0131029530847226;-0.0296890409094998;0;1;1;0;0;16;0;0;18;3;1;0;0;0;0;0;0;0;0;0
21468;-0.00641284874944476;-0.0344108479282848;0;1;1;3;0;5;1;2;6;1;5;7;2;2;2;1;1;0;0;0
21469;0.0171625980586114;-0.0254212262467841;0;0;0;0;0;0;1;0;1;0;2;2;12;8;2;0;2;3;3;4
21470;-0.0502889633701232;0.0551607939500469;12;2;0;13;4;8;0;1;0;0;0;0;0;0;0;0;0;0;0;0
21471;-0.0300349598879776;-0.00337216620691307;1;1;0;1;0;17;2;2;13;1;1;0;0;0;0;1;0;0;0;0
21472;0.030876111265436;-0.0018245484043550103;0;0;0;0;0;0;0;0;0;1;0;1;3;2;0;5;2;14;11;1
21473;0.0110392209275847;-0.0315946343681082;0;0;0;0;0;0;0;0;0;4;1;1;14;15;0;2;1;0;1;1
21474;0.0397592828874441;0.0206706098512245;0;0;0;0;0;0;0;0;0;0;0;1;1;0;1;0;1;20;16;0
21475;-0.012019674453666;-0.0306717698986969;0;0;0;0;1;14;2;0;18;2;1;1;0;1;0;0;0;0;0;0
21476;0.0493129431866746;0.0511903812253325;0;0;0;0;0;0;0;0;0;0;0;1;0;0;0;0;0;19;20;0
21477;-0.0101906292995642;-0.0321397122460886;0;0;0;1;3;8;5;3;7;1;4;1;4;1;0;0;1;0;1;0
21478;-0.025286576010784;-0.0128304205760823;0;1;0;2;2;16;1;2;12;1;1;1;1;0;0;0;0;0;0;0
21479;0.035341113459841006;0.00877375354082037;0;0;0;0;0;0;0;0;0;0;0;2;0;0;0;2;2;18;15;1
21480;-0.0501442418939395;0.0546380242734584;12;0;2;15;2;7;2;0;0;0;0;0;0;0;0;0;0;0;0;0
21481;-0.0330743530070334;0.00353217042851315;1;0;1;2;4;13;2;0;12;0;3;1;0;1;0;0;0;0;0;0
21482;-0.026488235812959;-0.010589931828649;0;1;1;1;0;19;1;0;16;0;0;1;0;0;0;0;0;0;0;0
21483;-0.00937941847588561;-0.0327138371282952;1;0;0;0;0;14;1;2;19;0;0;2;1;0;0;0;0;0;0;0
21484;-0.0129296526119886;-0.0298519200610966;0;0;0;3;2;15;0;2;13;1;2;1;1;0;0;0;0;0;0;0
21485;0.00596367845099305;-0.03466999999109101;0;1;0;0;0;5;2;4;3;3;3;3;5;2;3;2;4;0;0;0
21486;0.0449406657924432;0.03640914419012101;0;0;0;0;0;0;0;0;0;0;0;0;0;3;0;4;3;13;11;6
21487;0.051309304665851;0.0583961007146177;0;0;0;0;0;0;0;0;0;0;0;0;1;0;0;0;0;17;22;0
21488;-0.0382390617424129;0.0167863544147366;7;3;5;6;3;9;2;1;3;1;0;0;0;0;0;0;0;0;0;0
21489;0.0452184468583426;0.0373073778361393;0;0;0;0;0;0;0;0;0;0;0;0;0;0;1;0;0;18;20;1
21490;0.0326547640847687;0.00222570767878687;0;0;0;0;0;0;0;0;0;0;0;0;1;1;1;0;1;17;19;0
21491;0.0421841751993585;0.0277961711871169;0;0;0;0;0;0;0;0;0;0;0;1;1;1;0;5;4;11;12;5
21492;0.0037718302038809103;-0.0354259302429508;0;1;0;1;1;6;3;1;5;3;2;1;7;4;3;0;0;2;0;0
21493;0.039343969956100996;0.0194925790809489;0;0;0;0;0;0;0;0;0;0;1;1;0;0;2;1;2;18;14;1
21494;0.00599989554598466;-0.0346546109118405;0;0;0;1;1;2;1;3;3;3;4;2;7;6;1;2;2;0;2;0
21495;-0.0458023835662282;0.0396538626249393;2;3;5;2;2;13;2;2;6;0;1;2;0;0;0;0;0;0;0;0
21496;-0.0557028864424981;0.0757981631441222;9;5;2;10;1;11;0;1;0;0;1;0;0;0;0;0;0;0;0;0
21497;0.00806793898770357;-0.033619566409185;0;0;0;0;0;0;2;0;2;1;1;0;15;17;1;0;0;0;1;0
21498;-0.0147865996039568;-0.0279943413816725;0;1;0;1;2;13;5;0;11;1;3;2;0;0;0;0;1;0;0;0
21499;0.0233454325451779;-0.0164549106720036;0;0;0;0;0;1;1;2;1;2;3;0;9;5;2;2;3;3;5;1
21500;0.0212406800963774;-0.0198155159660426;0;0;0;0;0;0;1;0;2;3;0;3;8;12;4;2;1;1;2;1
21501;0.0498499206810717;0.053100413874009;0;0;0;0;0;0;0;0;0;0;1;0;0;0;0;0;0;21;18;0
21502;0.0313940884596669;-0.000668492591783927;0;0;0;0;0;0;0;0;0;0;1;0;1;3;5;2;1;14;12;1
21503;-0.045978489223668;0.0402352693266992;10;5;2;10;2;7;0;0;2;1;0;1;0;0;0;0;0;0;0;0
21504;-0.0205830446250826;-0.020602477493444002;0;0;1;2;3;16;0;2;11;1;1;0;1;1;0;0;1;0;0;0
21505;0.036843463105364994;0.0126618026837753;0;0;0;0;0;0;0;0;0;0;0;0;1;0;1;1;1;17;19;0
21506;0.0540232209309792;0.068650942192722;0;0;0;0;0;0;0;0;0;0;0;0;0;0;0;0;0;20;20;0
21507;-0.0253578595827921;-0.0127004069485102;1;0;0;1;1;19;0;1;16;1;0;0;0;0;0;0;0;0;0;0
21508;-0.0156614811294375;-0.0270333153386916;0;0;0;1;2;17;1;1;12;0;2;2;1;1;0;0;0;0;0;0
21509;0.0158091235141667;-0.0270176490959432;0;0;0;0;0;0;0;0;0;0;0;0;22;17;0;0;0;0;1;0
21510;0.0234946736481518;-0.0162045384821795;0;0;0;0;0;0;0;0;1;1;1;0;7;2;5;0;4;7;9;3
21511;-0.0225456102012414;-0.0175527774462049;2;0;0;0;2;16;2;2;12;2;2;0;0;0;0;0;0;0;0;0
21512;0.0186666998730822;-0.0234927564408322;0;0;0;0;0;0;0;0;0;0;1;0;17;16;2;0;2;1;0;1
21513;0.0449060465199015;0.0362975876763588;0;0;0;0;0;0;0;0;0;0;0;0;2;4;2;1;3;12;12;4
21514;0.00609681354576258;-0.0346129658209412;0;0;0;1;0;2;0;1;3;2;1;2;14;11;2;0;1;0;0;0
21515;-0.0384849268322831;0.0174650993733949;4;0;1;3;2;15;2;1;10;1;0;0;0;1;0;0;0;0;0;0
21516;-0.0267783436820285;-0.0100334824328706;2;2;2;0;2;15;0;1;12;0;1;2;1;0;0;0;0;0;0;0
21517;-0.0555913942734531;0.0753519309410783;12;2;3;14;0;5;1;1;0;2;0;0;0;0;0;0;0;0;0;0
21518;0.0514002688534467;0.0587312492118116;0;0;0;0;0;0;0;0;0;0;0;0;0;0;0;1;1;20;17;1
21519;-0.0436707977710332;0.0327931924290631;10;4;1;9;3;6;4;0;3;0;0;0;0;0;0;0;0;0;0;0
21520;0.0429345101887989;0.0300866112799728;0;0;0;0;0;0;0;0;0;0;0;0;0;1;1;0;1;17;18;2
21521;-0.0135617409894531;-0.0292474256854011;0;2;0;0;2;13;2;1;12;1;0;1;0;3;2;0;0;1;0;0
21522;-0.035235192031706004;0.00884438359689237;0;1;2;4;0;18;1;0;13;1;0;0;0;0;0;0;0;0;0;0
21523;0.031615736317239;-0.000167915824070456;0;0;0;0;0;0;0;0;0;0;1;0;6;6;1;2;1;11;10;2
21524;-0.0180218460317983;-0.0241662499206069;1;0;0;0;1;18;0;0;19;1;0;0;0;0;0;0;0;0;0;0
21525;-0.0447747295237984;0.0363055318661861;8;2;3;3;7;9;0;0;6;0;1;1;0;0;0;0;0;0;0;0
21526;0.0451346997425364;0.0370359892509758;0;0;0;0;0;0;0;0;0;0;0;0;0;1;0;2;1;18;18;0
21527;0.0181257582863604;-0.0242050337235233;0;0;0;0;0;0;0;0;2;1;1;0;18;15;1;1;0;0;1;0
21528;-0.0197707069487858;-0.0217838310407185;0;0;3;0;1;14;1;1;17;0;0;1;1;1;0;0;0;0;0;0
21529;-0.0286339841439881;-0.00633120081327027;1;2;1;3;2;17;2;0;12;0;0;0;0;0;0;0;0;0;0;0
21530;-0.0116648239009464;-0.0309753531935029;1;0;0;1;1;11;3;1;15;3;1;0;0;1;0;1;1;0;0;0
21531;0.0260471901098223;-0.0116746397480751;0;0;0;0;0;0;0;1;0;2;1;0;13;6;2;1;4;4;4;2
21532;0.00320497655047923;-0.035565259058313994;0;0;0;0;0;5;2;1;3;5;5;2;6;7;1;1;1;0;0;1
21533;0.0399072166904735;0.0210932154021313;0;0;0;0;0;0;0;0;0;0;0;0;2;0;0;0;1;19;17;1
21534;0.0133640465609156;-0.0295680117145436;0;0;0;0;1;2;0;0;3;2;3;3;11;6;3;2;3;0;1;0
21535;-0.0021565876680062;-0.0357413947498035;0;0;0;1;2;14;1;1;11;1;2;2;2;1;0;1;0;0;1;0
21536;-0.00898919760375192;-0.0329731717520469;0;0;1;1;0;16;0;3;15;1;0;1;0;0;2;0;0;0;0;0
21537;0.0218827608311571;-0.0188240550786061;0;0;0;0;0;0;0;0;0;1;0;0;16;18;2;0;2;1;0;0
21538;-0.00254339084570707;-0.03567423683088;0;0;1;0;2;7;1;2;11;3;1;1;4;4;2;1;0;0;0;0
21539;-0.0264835447984224;-0.0105988798860654;0;1;1;1;1;16;3;0;16;0;1;0;0;0;0;0;0;0;0;0
21540;-0.026252198468094;-0.0110382090105798;0;0;1;4;0;19;2;2;10;1;1;0;0;0;0;0;0;0;0;0
21541;0.0472904432283147;0.0441822702077071;0;0;0;0;0;0;0;0;0;0;0;0;1;0;0;0;0;19;19;1
21542;-0.0373612792521921;0.0143985404911678;3;0;1;5;1;12;5;2;10;0;0;0;1;0;0;0;0;0;0;0
21543;0.0168912918462284;-0.0257517775757756;0;0;0;0;1;0;0;0;3;0;6;1;9;8;6;0;2;4;0;0
21544;0.0233317712889881;-0.0164777493464062;0;0;0;0;0;0;0;0;0;0;0;2;17;15;3;1;0;0;2;0
21545;0.0527876252514275;0.0639164937588335;0;0;0;0;0;0;0;0;0;0;1;0;0;0;1;1;2;13;21;1
21546;0.0049060209021495;-0.0350778553228044;0;0;1;0;0;2;2;2;2;6;2;2;7;9;2;1;0;1;1;0
21547;0.0383044538695159;0.0165983232843453;0;0;0;0;0;0;0;0;0;0;0;0;0;1;0;0;0;19;19;1
21548;-0.0488284813539954;0.0499541957790528;10;2;2;11;0;8;2;1;4;0;0;0;0;0;0;0;0;0;0;0
21549;-0.0538984671513771;0.0686859439925008;18;3;0;11;2;6;0;0;0;0;0;0;0;0;0;0;0;0;0;0
21550;-0.034616310981849;0.007288647647996991;1;3;6;1;5;11;1;2;9;0;0;1;0;0;0;0;0;0;0;0
21551;-0.0295406283512466;-0.00443235394427536;0;1;0;4;4;16;2;0;11;0;0;1;0;1;0;0;0;0;0;0
21552;0.0293996310321393;-0.00501408190101627;0;0;0;0;0;0;1;0;1;0;3;5;3;5;1;3;3;6;7;2
21553;0.0340925510320072;0.0056658701754354205;0;0;0;0;0;0;0;0;0;0;1;1;1;0;0;1;2;13;21;0
21554;-0.0242496854828433;-0.0146803255382005;1;0;1;1;2;16;1;3;15;0;0;0;0;0;0;0;0;0;0;0
21555;0.0209779336984476;-0.020212693169538998;0;0;0;0;0;0;0;1;0;1;0;0;21;15;2;0;0;0;0;0
21556;-0.0502223921655426;0.0549201354654557;11;7;3;11;1;5;0;1;1;0;0;0;0;0;0;0;0;0;0;0
21557;0.0175827497038743;-0.0248988910882356;0;0;0;0;0;0;1;1;0;1;3;0;18;11;3;0;0;0;1;1
21558;-0.052371594814291995;0.062850391112999;14;0;2;14;0;8;1;1;0;0;0;0;0;0;0;0;0;0;0;0
21559;0.0436718881054858;0.0323769023486498;0;0;0;0;0;1;0;0;0;0;0;0;1;0;0;0;0;18;19;1
21560;0.0489141223607593;0.0497851782688166;0;0;0;0;0;0;0;0;0;0;0;0;0;0;0;2;1;17;18;2
21561;-0.0225458389748821;-0.0175524058179296;0;2;0;3;1;19;1;0;13;0;0;1;0;0;0;0;0;0;0;0
21562;0.0293892508324125;-0.00503595112834164;0;0;0;0;0;0;1;0;0;1;0;2;13;12;5;1;2;1;2;0
21563;-0.0276130833382561;-0.00839866088178492;0;0;1;2;2;15;4;4;10;0;0;1;1;0;0;0;0;0;0;0
21564;-0.0298448790714538;-0.0037819078342218896;2;2;1;1;1;17;1;0;11;1;1;1;1;0;0;0;0;0;0;0
21565;-0.0440026950696689;0.0338399742737946;4;2;3;5;2;14;0;1;8;0;0;1;0;0;0;0;0;0;0;0
21566;-0.0208702897182359;-0.0201734023089771;0;2;0;0;0;14;4;0;15;2;0;1;1;1;0;0;0;0;0;0
21567;-0.0117058512992206;-0.0309407157217116;0;0;0;0;1;16;0;2;17;2;0;1;1;0;0;0;0;0;0;0
21568;-0.0437778826982747;0.0331300664054621;8;3;3;9;0;11;2;0;2;0;0;0;0;0;2;0;0;0;0;0
21569;-0.0429344080414967;0.0304989250084037;5;5;1;4;3;11;1;2;5;2;1;0;0;0;0;0;0;0;0;0
21570;0.00040256792585163196;-0.035914925046141;0;1;0;0;4;2;3;2;3;3;1;2;6;4;1;2;3;2;1;0
21571;0.000651289683479324;-0.035906705294589995;0;2;0;1;0;8;0;2;13;0;0;3;5;6;0;0;0;0;0;0
21572;-0.0428571624446559;0.030260519096352002;11;2;1;10;3;12;0;1;0;0;0;0;0;0;0;0;0;0;0;0
21573;0.0473281999642615;0.0443104084097564;0;0;0;0;0;0;0;0;0;0;0;0;0;0;1;1;0;18;19;1
21574;0.0200932578945119;-0.021513540872249003;0;0;0;0;0;0;0;1;1;0;1;0;15;15;1;2;2;0;0;2
21575;0.0035105634432298;-0.0354930156025012;0;0;0;0;0;5;1;2;7;3;1;1;10;7;2;1;0;0;0;0
21576;0.0304727376541548;-0.00271147517312057;0;0;0;0;0;0;0;0;0;1;0;1;2;2;2;2;4;12;12;2
21577;-0.00635279618207255;-0.0344386722121642;0;0;1;0;0;8;2;1;11;2;2;3;2;2;3;1;2;0;0;0
21578;-0.0263247294646929;-0.0109008856320749;0;0;1;1;0;19;0;0;16;0;1;0;1;0;1;0;0;0;0;0
21579;0.0225300642469239;-0.0177945509961827;0;0;0;0;0;1;0;0;1;0;0;2;17;16;1;0;2;0;0;0
21580;0.0218676318460316;-0.0188477570057123;0;0;0;0;0;1;0;1;0;0;1;0;17;17;1;0;2;0;0;0
21581;-0.0121350277745968;-0.030571134100528998;0;0;0;0;0;19;1;0;11;6;2;0;1;0;0;0;0;0;0;0
21582;-0.0118765147412643;-0.0307953350622853;0;0;0;0;1;13;4;2;15;1;1;0;0;0;1;1;0;1;0;0
21583;-0.0306242886652271;-0.0020852999597531;3;1;1;2;5;11;8;3;5;0;0;0;1;0;0;0;0;0;0;0
21584;0.0391953707487436;0.0190740888740543;0;0;0;0;0;0;0;0;0;0;0;0;1;1;0;1;0;17;19;1
21585;0.0504653272152214;0.0553148922278911;0;0;0;0;0;0;0;0;0;0;0;0;0;0;0;0;1;19;20;0
21586;-0.0437918260846677;0.0331739909338648;3;2;3;4;3;16;1;1;7;0;0;0;0;0;0;0;0;0;0;0
21587;-0.0311358055833959;-0.000948118809175886;0;1;0;1;0;17;2;3;16;0;0;0;0;0;0;0;0;0;0;0
21588;0.0519531550727886;0.0607810897038247;0;0;0;0;0;0;0;0;0;0;0;0;0;0;0;1;1;16;22;0
21589;-0.0049700073265636704;-0.0350076994774263;0;0;0;2;0;11;3;2;10;3;0;2;6;0;0;0;1;0;0;0
21590;0.0223534609542035;-0.0180784156325579;0;0;0;0;0;0;0;1;1;1;0;1;14;13;2;1;4;0;2;0
21591;0.0537969850763029;0.0677758690708581;0;0;0;0;0;0;0;0;0;0;0;0;0;0;0;2;0;19;15;4
21592;-0.0341374569545919;0.00610379088968553;0;2;0;0;4;17;0;0;15;0;0;0;1;1;0;0;0;0;0;0
21593;0.0482766938357435;0.0475629919746438;0;0;0;0;0;0;0;0;0;0;0;1;0;0;1;0;1;15;22;0
21594;0.0484798766269699;0.0482681532311074;0;0;0;0;0;0;0;0;0;0;0;0;0;0;0;0;0;20;20;0
21595;-0.0291090005024065;-0.00534370606400559;1;2;4;3;4;16;1;0;8;1;0;0;0;0;0;0;0;0;0;0
21596;0.0234037999280325;-0.016357181987249;0;0;0;0;0;0;0;1;0;1;0;2;8;6;1;2;6;4;8;1
21597;0.003914005476153989;-0.035387363671901005;0;0;0;2;0;2;1;3;2;1;0;3;14;11;0;0;0;0;1;0
21598;-0.0503484533196191;0.0553761226852136;10;2;3;5;1;11;0;1;7;0;0;0;0;0;0;0;0;0;0;0
21599;-0.0347899103950549;0.00772226327687644;0;0;2;4;0;18;1;0;14;1;0;0;0;0;0;0;0;0;0;0
21600;-0.0493174140740543;0.0516801719237367;11;6;5;6;4;3;1;3;1;0;0;0;0;0;0;0;0;0;0;0
21601;-0.0202141867299556;-0.0211447699366328;0;1;0;1;1;16;0;2;15;2;0;1;1;0;0;0;0;0;0;0
21602;0.029436662719385;-0.0049359996842326705;0;0;0;0;0;0;0;0;0;0;0;3;13;11;2;2;1;3;4;1
21603;-0.0366064139851806;0.0123893631876266;0;2;1;4;2;17;1;0;13;0;0;0;0;0;0;0;0;0;0;0
21604;-0.0148626798000519;-0.0279129529018026;0;1;0;0;0;15;1;1;17;1;3;0;0;0;1;0;0;0;0;0
21605;-0.0241170682470058;-0.0149113555910662;0;0;1;3;1;17;0;0;13;1;2;1;0;0;0;0;0;1;0;0
21606;-0.0354182999488002;0.00930995283499118;1;1;1;2;1;16;1;1;14;1;0;1;0;0;0;0;0;0;0;0
21607;-0.0441093196008661;0.034177940364477;12;1;1;11;0;13;0;1;0;1;0;0;0;0;0;0;0;0;0;0
21608;-0.0171128043979227;-0.0253178240652614;1;1;0;0;0;15;3;3;11;0;1;1;1;1;1;1;0;0;0;0
21609;0.0275600330586667;-0.00876891864049794;0;0;0;0;0;0;0;0;0;1;2;0;5;4;2;1;3;9;11;2
21610;-0.00938201277512974;-0.0327120763938771;0;0;1;1;0;16;0;1;17;2;0;0;1;0;0;0;0;0;0;1
21611;0.0362529324067404;0.0111141809732817;0;0;0;0;0;0;0;1;0;0;1;0;2;0;0;1;2;14;19;0
21612;-0.0291698702541506;-0.005215994439691071;0;1;4;1;0;15;1;1;15;1;0;0;0;0;1;0;0;0;0;0
21613;-0.0188819067775213;-0.0230220730285876;1;1;0;1;2;15;1;2;14;0;0;1;0;1;0;0;0;0;1;0
21614;0.0408366713030293;0.0237843761031275;0;0;0;0;0;0;0;0;0;1;1;0;1;1;0;1;0;17;16;2
21615;0.0142987050423565;-0.028643814089707002;0;0;0;0;0;0;2;0;1;2;3;2;14;15;0;0;0;1;0;0
21616;-0.0194046452044492;-0.0223006873181897;0;3;3;1;4;8;2;3;5;1;4;1;1;1;1;1;0;1;0;0
21617;-0.0125289389754896;-0.0302202751451925;0;0;1;1;1;14;5;2;9;2;2;0;0;0;1;0;1;1;0;0
21618;-0.0115361317473446;-0.0310832173055868;0;0;0;0;0;19;2;0;17;1;1;0;0;0;0;0;0;0;0;0
21619;-0.048979176635032005;0.0504843327623441;6;9;3;6;2;11;1;0;2;0;0;0;0;0;0;0;0;0;0;0
21620;-0.0495555386383349;0.0525269915220103;13;3;1;14;1;5;1;0;2;0;0;0;0;0;0;0;0;0;0;0
21621;-0.0280876588056747;-0.007446895132470779;2;1;0;0;3;17;0;2;13;1;0;0;0;1;0;0;0;0;0;0
21622;-0.0102458073766586;-0.0320989434905496;0;0;0;0;0;19;0;0;20;0;0;0;1;0;0;0;0;0;0;0
21623;0.0363137992840568;0.0112725386585811;0;0;0;0;0;0;0;0;0;0;1;0;1;0;1;2;1;16;16;2
21624;0.0125303619222804;-0.0303394126463795;0;0;0;0;0;0;0;0;0;1;2;4;13;15;3;0;0;2;0;0
21625;-0.0546400053657379;0.0715804481523107;14;1;3;15;1;6;0;0;0;0;0;0;0;0;0;0;0;0;0;0
21626;-0.0327871722548626;0.00285141619455501;0;2;2;1;1;13;1;5;14;1;0;0;0;0;0;0;0;0;0;0
21627;-0.0437276638044147;0.0329719823207042;8;2;2;10;1;12;0;1;3;0;0;1;0;0;0;0;0;0;0;0
21628;-0.0193090767741004;-0.0224340393218988;0;2;2;1;0;12;3;0;14;1;1;0;1;1;2;0;0;0;0;0
21629;-0.0269183118558557;-0.0097628504153016;2;0;0;0;0;15;2;1;17;0;1;0;0;1;0;0;1;0;0;0
21630;0.0346582557869575;0.007060129842799091;0;0;0;0;0;0;0;0;0;0;0;0;1;2;0;0;0;19;18;0
21631;0.0063849294108311;-0.0344851795083642;0;0;0;0;0;1;1;0;1;1;0;1;18;12;5;0;0;0;0;0
21632;-0.0522276370632595;0.062308838545745995;12;0;0;15;1;11;1;0;0;0;0;0;0;0;0;0;0;0;0;0
21633;0.0357349392748349;0.00977728552299076;0;0;0;0;0;0;0;0;0;0;0;0;0;1;0;2;0;17;19;1
21634;-0.0362217352661317;0.0113812333966163;0;0;1;1;0;20;0;1;17;0;0;0;0;0;0;0;0;0;0;0
21635;-0.00507392142650827;-0.0349697114629388;0;1;0;0;0;13;3;1;11;1;2;4;0;2;1;1;0;0;0;0
21636;0.054311163278144996;0.0697700119857059;0;0;0;0;0;0;0;0;0;0;0;0;0;0;1;1;0;18;20;0
21637;0.0232985224768048;-0.0165332781678052;0;0;0;0;0;0;0;0;0;1;0;1;17;14;2;2;2;0;1;0
21638;-0.00679285880776464;-0.0342287704199288;0;0;0;2;2;14;1;0;11;1;1;2;2;2;0;0;2;0;0;0
21639;0.0228620197783834;-0.0172549159907557;0;0;0;0;0;0;0;2;1;1;1;2;12;9;2;0;2;4;2;2
21640;-0.0246540973271127;-0.0139680062051691;0;0;0;1;0;20;1;3;14;1;0;0;0;0;0;0;0;0;0;0
21641;0.0506226125578597;0.055885232997057;0;0;0;0;0;0;0;0;0;0;0;1;0;1;0;0;0;18;19;1
21642;-0.00575530808539593;-0.0347013961227094;1;0;2;0;3;12;0;3;8;1;4;1;3;2;0;0;0;0;0;0
21643;-0.0368314873648679;0.0129841437836591;1;1;3;0;1;20;2;0;12;0;0;0;0;0;0;0;0;0;0;0
21644;0.0108839118052599;-0.0317161866708057;0;0;0;1;1;1;0;0;2;1;1;3;15;12;1;1;1;0;0;0
21645;-0.0216877870690931;-0.0189198184551569;0;2;2;1;1;15;1;0;15;2;1;0;0;0;0;0;0;0;0;0
21646;0.0479419350187537;0.0464076544459935;0;0;0;0;0;0;0;0;0;0;0;0;0;0;0;1;2;17;20;0
21647;-0.0529760555024238;0.0651405522674557;13;2;3;10;1;8;1;0;0;2;0;0;0;0;0;0;0;0;0;0
21648;-0.0212751735845828;-0.0195585374544591;0;0;1;3;0;18;0;0;16;1;0;0;1;0;0;0;0;0;0;0
21649;0.0430863419209888;0.0305550063203586;0;0;0;0;0;0;0;0;0;0;0;1;0;0;0;2;1;16;19;1
21650;0.0473591474378365;0.0444155138182489;0;0;0;0;0;0;0;0;0;0;0;0;0;0;0;0;1;20;19;0
21651;0.0158469050420517;-0.0269748712786402;0;0;0;0;0;0;0;0;0;0;0;2;19;13;2;3;1;0;0;0
21652;0.0415090292564594;0.0257698184611286;0;0;0;0;0;0;0;0;0;0;0;0;3;0;0;1;0;19;17;0
21653;0.0475271648152745;0.0449873438650275;0;0;0;0;0;0;0;0;0;0;0;0;0;1;0;1;2;14;20;2
21654;-0.0205049143204856;-0.0207181600343549;0;1;1;1;1;16;0;1;16;1;1;0;0;0;0;0;0;1;0;0
21655;-0.0472027715924288;0.0443387767156517;9;1;3;8;2;9;0;4;3;0;1;0;0;0;0;0;0;0;0;0
21656;0.0527400390252873;0.0637363502486108;0;0;0;0;0;0;0;0;0;0;0;0;0;0;0;0;0;20;20;0
21657;-0.0544059270972789;0.0706624854949162;14;0;0;13;0;11;0;1;1;0;0;0;0;0;0;0;0;0;0;0
21658;0.00759499131890852;-0.0338833711844402;0;0;0;2;1;0;1;0;2;2;2;2;12;9;3;1;2;0;0;1
21659;-0.00812383720910953;-0.033509249715185;1;1;1;1;3;7;4;1;6;4;1;5;2;1;0;1;1;0;0;0
21660;-0.0221696588603768;-0.0181584067317495;0;0;2;1;0;16;1;1;16;1;1;1;0;0;0;0;0;0;0;0
21661;0.0490824810508119;0.0503769786281138;0;0;0;0;0;0;0;0;0;0;0;1;0;1;1;0;1;15;20;1
21662;-0.009298455217558921;-0.032768543383377;0;0;1;2;1;4;2;3;7;0;3;5;6;3;1;1;1;0;0;0
21663;-0.0414836163881328;0.0260928701052555;4;3;0;3;1;14;2;2;8;2;1;0;0;0;0;0;0;0;0;0
21664;0.0527458488081145;0.0637583351779412;0;0;0;0;0;0;0;0;0;0;0;0;0;1;0;1;1;17;17;3
21665;0.0263559508326201;-0.0110949559367553;0;0;0;0;0;0;0;0;0;1;0;2;16;14;0;2;2;1;0;2
21666;0.012719553847728998;-0.0301687347335638;0;0;0;0;0;0;0;0;0;0;1;2;15;17;1;0;1;1;1;1
21667;-0.0170119596477144;-0.0254419161830515;0;0;2;1;1;16;2;1;15;0;2;0;0;0;0;0;0;0;0;0
21668;0.034343926348283996;0.00628258221103122;0;0;0;0;0;0;0;0;0;1;1;2;0;0;0;1;1;19;13;2
21669;-0.0219552230956749;-0.0184992992673404;0;0;0;0;0;18;1;0;21;0;0;0;0;0;0;0;0;0;0;0
21670;-0.0357926099401683;0.0102691658287641;2;1;4;7;1;15;2;0;8;0;0;0;0;0;0;0;0;0;0;0
21671;0.0449529911840641;0.0364488820907886;0;0;0;0;0;0;0;0;0;0;0;1;1;0;1;0;0;22;15;0
21672;0.0180904699907915;-0.0242507687148479;0;0;0;0;0;0;0;3;0;0;0;1;19;15;0;0;1;1;0;0
21673;0.0298112928244641;-0.0041405435286230394;0;0;0;0;0;0;0;1;0;0;1;1;8;8;1;2;3;6;8;1
21674;-0.0461749623052433;0.04088654768853;7;1;4;7;4;12;0;0;3;1;0;0;0;1;0;0;0;0;0;0
21675;0.0456806417553959;0.0388142172765348;0;0;0;0;0;0;1;0;0;0;0;0;0;0;1;0;1;17;20;0
21676;-0.0131705892390696;-0.029624886681257002;1;1;0;0;0;13;4;1;10;3;4;1;0;0;1;1;0;0;0;0
21677;0.04858016686929401;0.0486173113111879;0;0;0;0;0;0;0;0;0;0;0;0;0;0;0;1;0;17;21;1
21678;0.0319065016859606;0.000494109806753556;0;0;0;0;0;0;0;0;2;0;2;0;8;2;3;3;2;8;9;1
21679;-0.0442299375386297;0.034561245652013996;8;1;3;5;1;13;2;0;3;2;0;1;1;0;0;0;0;0;0;0
21680;-0.0305855832141805;-0.00217058320959708;1;1;0;0;3;18;1;2;12;0;1;0;0;0;0;1;0;0;0;0
21681;0.042504267352107;0.0287683239861161;0;0;0;0;0;0;0;0;0;0;0;0;0;2;1;3;1;14;17;2
21682;0.0342293700137382;0.00600097227101996;0;0;0;0;0;0;0;0;0;0;1;0;4;1;0;2;0;15;16;1
21683;0.0281045746863231;-0.00768277524265187;0;0;0;0;0;0;0;0;0;0;3;2;12;10;2;3;1;1;3;3
21684;-0.0221716478359629;-0.0181552293584164;0;0;0;1;2;16;0;3;12;2;2;0;1;1;0;0;0;0;0;0
21685;0.0374356825815417;0.0142390094733964;0;0;0;0;0;0;0;0;0;0;1;3;0;0;1;1;1;12;19;2
21686;-0.00430657087783999;-0.0352319469669084;0;0;0;1;0;15;1;0;17;0;1;1;1;0;0;0;2;1;0;0
21687;-0.04502495055207199;0.0371138216356669;1;1;3;2;1;19;0;0;13;0;0;0;0;0;0;0;0;0;0;0
21688;0.0224104768427889;-0.0179870156216022;0;0;0;0;0;0;0;0;0;1;0;3;15;16;0;1;1;0;2;1
21689;-0.0477781533389217;0.0463045151045859;7;4;2;6;1;12;2;2;3;0;0;0;1;0;0;0;0;0;0;0
21690;0.0008453327188169541;-0.035897206584390995;0;0;0;0;0;6;3;3;2;3;4;2;6;10;1;0;0;0;0;0
21691;0.0500001151444257;0.0536383637752078;0;0;0;0;0;0;0;0;0;0;0;0;0;0;2;0;1;15;18;4
21692;0.053983624099398;0.0684975174507511;0;0;0;0;0;0;0;0;0;0;0;0;0;0;1;0;1;19;17;2
21693;0.0179900119280909;-0.0243804764182605;0;0;0;1;0;1;0;0;1;1;0;1;14;15;2;1;1;1;1;0
21694;0.0408096801967549;0.0237053506086983;0;0;0;0;0;0;0;0;0;0;0;0;0;0;0;0;2;18;20;0
21695;0.0533034643591398;0.0658797054575309;0;0;0;0;0;0;0;0;0;0;0;0;0;0;2;1;0;18;19;0
21696;0.0390207662097961;0.0185843885570594;0;0;0;0;0;0;0;1;0;0;0;3;3;0;2;1;3;10;14;3
21697;-0.00815616543452045;-0.0334901901675995;0;0;0;0;0;16;2;0;16;3;0;1;1;0;1;0;0;0;0;0
21698;-0.0430938994816641;0.0309925254818446;10;1;1;13;0;11;0;1;1;1;1;0;0;0;0;0;0;0;0;0
21699;-0.0435536175973666;0.0324255041664689;8;1;0;7;1;12;3;2;3;1;1;1;0;0;0;0;0;0;0;0
21700;0.0354283318576233;0.00899503961507902;0;0;0;0;0;0;0;0;0;1;0;2;0;1;0;0;0;18;18;0
21701;0.0300730939463415;-0.00357867363860308;0;0;0;0;0;0;0;0;2;0;1;2;0;1;4;3;1;13;13;0
21702;-0.0511180220281466;0.0581845563676165;16;1;0;17;1;3;1;0;1;0;0;0;0;0;0;0;0;0;0;0
21703;0.0431398195688334;0.0307203771715407;0;0;0;0;0;0;0;0;0;0;0;1;0;1;0;1;2;16;18;1
21704;0.0163494311869416;-0.0263961376458545;0;1;1;0;0;2;1;1;0;1;0;2;9;6;7;2;3;0;3;1
21705;-0.00326131997452641;-0.0355210999288296;1;0;0;3;2;6;1;2;7;1;4;2;3;2;2;2;1;0;1;0
21706;0.0123815168743684;-0.030471884701499;0;0;0;0;0;0;0;0;0;1;3;3;17;9;4;2;0;0;1;0
21707;-0.0175727182313482;-0.0247426245113453;0;0;0;1;2;15;2;1;16;0;1;0;0;2;0;0;0;0;0;0
21708;-0.00595633977818589;-0.0346158624031181;1;0;1;2;0;12;1;2;11;2;3;2;2;1;0;0;0;0;0;0
21709;-0.00263209373136473;-0.0356573209609397;0;0;0;0;4;9;0;5;11;3;1;1;0;3;1;0;0;0;2;0
21710;0.0306901452433705;-0.00223489757629845;0;0;0;0;0;0;0;1;0;0;0;1;1;2;1;1;1;12;16;4
21711;-0.0038207495460213297;-0.0353761042568339;0;0;1;0;0;11;3;2;10;1;4;2;2;1;1;1;1;0;0;0
21712;-0.00671581100747407;-0.0342665254369301;0;0;0;1;1;7;2;1;8;3;3;4;4;2;1;1;2;0;0;0
21713;-0.0348512878682408;0.007876089612424121;1;0;3;2;0;15;3;2;12;1;0;0;0;1;0;0;0;0;0;0
21714;0.0269237471186274;-0.0100110679734203;0;0;0;0;0;2;0;0;1;2;2;0;6;6;3;1;1;5;10;1
21715;-0.0303846963206816;-0.00261148681398539;1;0;0;2;1;17;2;1;9;3;2;1;1;0;0;0;0;0;0;0
21716;-0.034128463050240004;0.00608169434121299;0;4;2;2;1;15;0;2;9;1;1;0;1;2;0;0;0;0;0;0
21717;0.0536469433682449;0.0671975403754729;0;0;0;0;0;0;0;0;0;0;0;0;0;0;1;0;1;21;17;0
21718;-0.0407342332192006;0.0238762150864822;0;4;1;1;2;18;1;0;13;0;0;0;0;0;0;0;0;0;0;0
21719;0.0325358131610339;0.00194774759357915;0;0;1;0;0;0;0;0;0;0;0;0;0;0;0;3;4;13;19;0
21720;-0.031303367646367;-0.000571515325635425;1;0;4;3;1;19;0;0;11;0;1;0;0;0;0;0;0;0;0;0
21721;0.041190629012336;0.0248255490102514;0;0;0;0;0;0;0;0;0;0;0;0;0;0;1;0;0;19;20;0
21722;0.0515406658046145;0.0592496945364005;0;0;0;0;0;0;0;0;0;0;0;0;0;0;0;0;0;20;20;0
21723;0.0225248297859165;-0.0178029968666339;0;0;0;0;0;0;0;0;0;2;1;1;16;14;1;1;1;1;2;0
21724;0.0098606104418379;-0.0324737502320614;0;0;0;0;1;2;0;0;0;1;0;2;14;17;0;2;0;0;1;0
21725;0.024945864461986;-0.0136865464934617;0;0;0;0;0;0;0;0;0;0;0;3;10;11;1;2;2;1;8;2
21726;0.0057141877326496;-0.034773451253091;0;0;0;0;0;3;0;0;1;1;2;4;15;10;1;1;1;0;0;1
21727;-0.000606212368220621;-0.0359026986292002;0;0;0;0;1;8;2;4;9;4;1;5;1;1;1;1;1;0;0;1
21728;0.00462767685907037;-0.03517183366875601;0;0;0;1;0;0;2;3;1;2;3;2;15;8;0;1;0;2;0;0
21729;-0.0318339468702119;0.000634291030284908;1;1;4;2;1;13;3;2;9;2;1;0;0;0;0;0;1;0;0;0
21730;0.0132546328083517;-0.0296720976734171;0;0;1;0;0;0;0;2;0;0;4;0;16;13;1;0;1;1;1;0
21731;-0.0015768317356274302;-0.0358219259340605;0;0;1;0;2;6;1;0;10;2;2;4;2;4;3;2;0;1;0;0
21732;-0.007802998577775559;-0.0336943345746681;0;0;0;1;2;5;4;6;3;1;2;2;7;5;0;0;1;1;0;0
21733;0.0112218298748426;-0.0314494994873693;0;0;0;0;0;0;0;0;1;0;1;2;18;17;0;1;0;0;0;0
21734;0.0105976716325321;-0.0319356720902124;0;0;0;0;0;2;1;0;2;0;1;0;16;16;0;1;0;0;1;0
21735;0.0262468734650806;-0.0113005259362893;0;0;0;0;0;1;0;1;1;1;1;1;9;3;6;1;3;5;6;1
21736;-0.0410257634936418;0.0247337593336849;5;2;3;8;4;11;2;0;5;0;0;0;0;0;0;0;0;0;0;0
21737;0.0398761256751695;0.0210042665720268;0;0;0;0;0;0;0;0;0;0;0;0;1;1;0;2;1;16;18;1
21738;-0.00871225676897445;-0.033150585738683;0;0;0;1;0;17;0;1;16;0;1;2;2;0;0;0;0;0;0;0
21739;0.0412761288617087;0.0250783979376724;0;0;0;0;0;0;0;0;0;1;1;0;1;0;0;0;1;14;22;0
21740;-0.0281695929019279;-0.00728093770579044;1;0;0;2;1;17;0;0;16;0;1;2;0;0;0;0;0;0;0;0
21741;-0.0308279151705518;-0.0016348586905736;1;1;0;2;1;19;0;0;13;2;0;1;0;0;0;0;0;0;0;0
21742;-0.0334307308560683;0.00438519249635705;3;2;2;1;2;15;2;2;5;3;0;2;1;0;0;0;0;0;0;0
21743;0.0243848793375259;-0.0146778612647185;0;0;0;0;0;0;0;0;0;1;0;1;12;18;0;2;1;0;4;1
21744;-0.0283227988414981;-0.00696932526484995;0;0;1;1;0;16;2;2;16;0;2;0;0;0;0;0;0;0;0;0
21745;-0.0311565336968679;-0.000901640737973818;0;1;0;0;1;19;1;0;18;0;0;0;0;0;0;0;0;0;0;0
21746;-0.031460546173222;-0.000216415942712074;2;2;2;1;4;11;2;0;12;3;0;1;0;0;0;0;0;0;0;0
21747;-0.04809194259052;0.047386568779229;11;1;2;15;2;7;1;0;0;1;0;0;0;0;0;0;0;0;0;0
21748;-0.0254310755657572;-0.0125664888001664;0;0;0;1;2;18;0;0;17;0;1;0;1;0;0;0;0;0;0;0
21749;0.0263072585164683;-0.0111868283340783;0;0;0;0;0;0;0;0;0;0;1;1;18;14;1;0;1;1;2;1
21750;0.0423550319979883;0.0283141650089513;0;0;0;0;0;0;0;0;0;0;0;0;0;0;0;1;0;23;16;0
21751;0.0354888773380022;0.00914897386784965;0;0;0;0;0;0;0;0;0;0;1;0;1;2;0;1;1;15;19;0
21752;-0.0278494569654874;-0.00792663365212961;0;0;3;1;0;16;1;0;15;3;0;0;0;0;0;0;1;0;0;0
21753;-0.0217656888566948;-0.0187978552179189;1;0;1;1;1;13;2;3;12;0;1;1;2;1;1;0;0;0;0;0
21754;0.0392523918728936;0.0192344861643092;0;0;0;0;0;0;0;0;0;0;0;1;0;0;0;0;0;19;19;1
21755;-0.0286976687303021;-0.00619975008453547;0;1;1;1;1;18;3;1;11;3;0;0;0;0;0;0;0;0;0;0
21756;0.0034028830988396697;-0.0355192376454357;0;0;0;0;0;0;0;1;2;3;3;0;13;15;1;1;0;1;0;0
21757;-0.0239870384579824;-0.0151366514033205;0;0;2;1;1;16;0;2;14;0;1;0;2;0;1;0;0;0;0;0
21758;-0.0555779443903511;0.0752981599780294;15;2;3;14;1;5;0;0;0;0;0;0;0;0;0;0;0;0;0;0
21759;-0.0541516018996634;0.0696695839603935;14;1;1;12;1;8;0;0;3;0;0;0;0;0;0;0;0;0;0;0
21760;-0.0346081379832262;0.00726828654033905;3;2;2;2;0;16;3;1;9;2;0;0;0;0;0;0;0;0;0;0
21761;0.0393771584053044;0.0195862622420981;0;0;0;0;0;0;0;0;0;0;0;1;0;0;1;1;1;19;17;0
21762;-0.0306049582421823;-0.0021279058961726303;0;3;1;0;3;15;1;2;12;2;0;1;0;0;0;0;0;0;0;0
21763;0.021814434968169996;-0.0189309677001189;0;0;0;0;0;0;0;0;1;2;2;1;16;16;0;0;2;0;0;0
21764;0.012023690211158001;-0.0307838382377413;0;0;0;0;0;0;0;0;2;2;1;3;14;14;0;2;1;0;0;1
21765;0.00276536867463437;-0.0356574194961406;0;1;1;0;3;1;2;2;4;2;2;4;5;6;1;2;0;2;0;2
21766;0.027931453531676004;-0.00803039251607432;0;0;0;0;0;0;0;0;0;0;0;0;5;4;4;5;3;5;7;7
21767;0.0177710080306328;-0.0246607330789808;0;0;0;0;0;0;0;1;0;0;0;1;20;17;0;0;0;0;0;1
21768;0.0367384480739797;0.0123847552338653;0;0;0;0;0;0;0;0;0;0;0;0;0;0;1;1;0;20;17;1
21769;0.0375651008617549;0.014587032529218;0;0;0;0;0;0;0;0;0;0;1;1;2;0;2;1;1;14;16;2
21770;0.0059907881530711;-0.0346584896209337;0;0;0;0;1;1;1;1;6;3;4;1;11;7;2;0;2;0;0;0
21771;-0.0282880076422546;-0.0070402366254476;0;0;0;1;1;19;2;0;15;2;0;0;0;0;0;0;0;0;0;0
21772;0.0412007260809428;0.0248553817508809;0;0;0;0;0;0;0;0;0;0;0;0;0;1;3;0;3;16;15;2
21773;0.0171195399798861;-0.0254740399222558;0;0;0;0;0;1;1;1;0;0;2;0;17;16;1;1;0;0;0;0
21774;0.030169541515243;-0.0033704396202005;0;0;0;0;0;0;1;0;0;1;1;0;0;3;1;2;4;12;15;0
21775;-0.0460486682198719;0.0404675836624047;8;1;3;4;4;11;2;2;3;2;0;0;0;0;0;0;0;0;0;0
21776;-0.0112773713335856;-0.0312964977956592;0;0;0;1;3;14;1;3;11;2;1;1;3;0;0;0;0;0;0;0
21777;0.0433123599607798;0.0312553307572354;0;0;0;0;0;0;0;0;0;0;0;0;0;0;0;1;0;19;20;0
21778;-0.0356280631517641;0.009846255730206541;6;2;1;6;2;12;0;0;7;1;1;1;0;1;0;0;0;0;0;0
21779;-0.0456866094239619;0.0392728520950167;10;4;1;12;0;12;0;0;1;0;0;0;0;0;0;0;0;0;0;0
21780;-0.0546227874673376;0.0715127922283384;9;3;4;7;2;9;0;1;5;0;0;0;0;0;0;0;0;0;0;0
21781;0.027798767848531004;-0.00829536025109359;0;0;0;0;0;0;0;0;0;0;1;2;14;16;0;1;0;0;6;0
21782;-0.0537289382099822;0.0680297561460963;15;0;0;14;1;9;0;0;1;0;0;0;0;0;0;0;0;0;0;0
21783;0.0477948780957983;0.045902668734095;0;0;0;0;0;0;0;0;0;0;1;0;0;0;0;1;0;15;20;3
21784;0.03996654885442501;0.0212631525334483;0;0;0;0;0;0;1;0;0;0;1;1;0;0;2;1;1;18;13;2
21785;0.0137800979891747;-0.0291643669061874;0;0;0;0;0;0;0;0;0;1;0;1;17;21;0;0;0;0;0;0
21786;0.0407485896273752;0.0235266808045487;0;0;0;0;0;0;0;0;0;0;0;0;2;0;1;1;0;17;18;1
21787;0.0197193158812074;-0.0220464886401282;0;0;0;0;0;0;0;1;0;1;0;1;19;15;0;1;0;0;1;1
21788;-0.022224507558863998;-0.0180706822151855;0;0;0;1;1;21;0;0;17;0;0;0;0;0;0;0;0;0;0;0
21789;-0.00343320350843402;-0.0354789429721171;0;0;0;1;1;13;1;3;15;1;1;0;0;1;1;0;2;0;0;0
21790;-0.0437626214124853;0.033082006232565;2;4;2;6;2;13;1;0;9;1;0;0;0;0;0;0;0;0;0;0
21791;-0.013249163642733;-0.0295499446575609;1;1;1;2;1;13;2;1;12;0;0;3;1;1;1;0;0;0;0;0
21792;0.0310171249866433;-0.0015117339777658099;0;0;0;0;0;0;0;0;3;1;3;3;4;4;3;6;4;2;4;3
21793;-0.0047027882936022;-0.0351018248851684;0;0;0;0;1;7;0;4;13;4;4;2;0;2;2;0;0;0;1;0
21794;-0.0282561935800832;-0.0071050038791605295;0;1;0;1;3;16;2;0;13;2;1;0;0;0;1;0;0;0;0;0
21795;-0.0312115969765094;-0.00077802397970634;4;0;1;7;1;13;2;2;8;0;2;0;0;0;0;0;0;0;0;0
21796;-0.0138716086748566;-0.0289406013184256;0;1;1;0;1;16;0;1;15;4;0;0;0;0;0;0;0;1;0;0
21797;-0.00310102359196898;-0.0355585023892465;0;0;0;1;0;7;3;4;10;4;2;2;4;2;0;1;0;0;0;0
21798;0.0483586251345628;0.0478469839208487;0;0;0;0;0;0;0;0;0;0;0;0;0;0;1;0;1;17;21;0
21799;0.0332679164003913;0.0036746227813132704;0;0;0;0;0;0;0;0;0;0;0;0;1;0;1;0;1;19;18;0
21800;-0.0125223341824464;-0.0302262499552063;1;0;1;2;1;15;4;0;12;0;0;1;1;2;0;0;0;0;0;0
21801;0.00733940455554496;-0.0340192463265411;0;0;0;1;1;0;2;1;1;2;7;2;10;10;0;1;2;0;0;0
21802;-0.0238867410295892;-0.0153096017412722;2;0;2;2;3;13;2;0;13;0;0;2;1;0;0;0;0;0;0;0
21803;-0.0206549692714422;-0.0204955956143259;0;1;3;1;2;14;2;1;12;2;0;0;1;1;0;0;0;0;0;0
21804;0.0251651853934112;-0.0132928382200823;0;0;0;0;0;0;0;0;1;3;1;6;8;7;1;3;2;2;3;3
21805;0.00827668882661099;-0.0334980167483152;0;1;1;0;1;0;2;0;1;1;0;2;16;14;0;0;0;0;0;1
21806;0.0353750577038551;0.00885981019314127;0;0;0;0;0;0;0;0;0;0;0;1;0;2;1;3;2;14;14;3
21807;0.0256952380323832;-0.0123270607737278;0;0;0;0;0;0;0;0;1;1;0;1;16;17;0;1;1;1;0;1
21808;-0.0105833056001579;-0.0318448200457211;0;1;0;1;1;16;2;2;14;2;0;1;0;0;0;0;0;0;0;0
21809;-0.0401991525390543;0.0223181477014874;6;1;1;7;2;11;1;3;7;0;1;0;0;0;0;0;0;0;0;0
21810;-0.0344620245141414;0.00690508885832486;4;2;1;1;2;14;2;1;12;0;0;0;0;1;0;0;0;0;0;0
21811;0.0243726941255803;-0.0146991428441522;0;0;0;0;0;0;1;0;0;1;0;0;14;14;1;2;3;0;3;1
21812;-0.0298229510127758;-0.00382900936744463;1;0;4;4;1;14;3;1;8;2;0;0;0;1;0;0;1;0;0;0
21813;-0.0276433649968706;-0.008338413968784021;1;1;2;2;2;12;3;2;10;2;1;1;0;0;1;0;0;0;0;0
21814;0.0462917134730523;0.0408299793303029;0;0;0;0;0;0;0;0;0;0;0;0;0;0;1;0;2;16;21;0
21815;-0.0214051030252851;-0.0193587280433827;0;3;0;0;2;18;1;2;14;0;0;0;0;0;0;0;0;0;0;0
21816;-0.00136122323012361;-0.0358457154814856;0;1;1;2;1;4;1;2;5;1;3;3;5;7;3;0;1;0;0;0
21817;0.0383377855011448;0.0166899217020318;0;0;0;0;0;0;0;0;0;0;0;0;0;2;0;0;1;19;18;0
21818;-0.0149421379105548;-0.0278275069102669;0;1;1;0;0;18;2;0;16;1;0;0;1;0;0;0;0;0;0;0
21819;0.000569695282975147;-0.0359098916371626;1;0;0;0;3;0;1;1;0;0;1;2;16;14;0;0;0;0;1;0
21820;-0.0301155090490761;-0.00319774999150638;3;2;2;2;5;12;2;1;8;1;2;0;0;0;0;0;0;0;0;0
21821;-0.0136088944345857;-0.0292011803086534;0;0;0;3;2;16;2;3;8;0;2;1;1;0;0;1;1;0;0;0
21822;0.0108505573835264;-0.0317420653983766;0;0;0;0;0;0;1;2;0;2;3;3;14;8;1;2;1;1;0;2
21823;0.0271167716056729;-0.0096373212455538;0;0;0;0;0;0;0;0;1;3;1;0;10;7;3;6;1;4;2;2
21824;0.0385103307436878;0.0171653679914985;0;0;0;0;0;0;0;0;0;0;0;0;3;0;2;0;1;18;16;0
21825;-0.0268034545276755;-0.00998503357107107;0;1;0;0;0;19;0;0;18;2;0;0;0;0;0;0;0;0;0;0
21826;-0.0434649582130911;0.0321479640174179;14;2;1;11;3;7;1;0;0;0;1;0;0;0;0;0;0;0;0;0
21827;0.0149700870249535;-0.0279412162724066;0;0;0;0;0;0;0;0;0;1;1;0;19;19;0;0;0;0;0;0
21828;-0.0209839016236589;-0.0200020575881851;0;0;0;1;0;19;1;2;15;0;1;0;1;0;0;0;0;0;0;0
21829;0.0260808200403097;-0.0116118334704537;0;0;0;0;0;0;0;0;0;1;2;1;9;8;2;3;1;7;5;1
21830;0.0350291785990216;0.00798680055258393;0;0;0;0;0;0;0;0;0;0;1;0;2;1;1;4;2;14;13;2
21831;-0.0245670518569488;-0.0141223178484142;2;0;2;2;3;12;3;1;13;0;2;0;0;0;0;0;0;0;0;0
21832;-0.054350509210795;0.0704457346538329;15;1;3;11;0;10;0;0;0;0;0;0;0;0;0;0;0;0;0;0
21833;-0.0412620888202234;0.025433397437688996;2;1;4;7;1;15;0;0;10;0;0;0;0;0;0;0;0;0;0;0
21834;-0.0013139181845989302;-0.0358504882405093;0;1;1;0;0;4;1;2;9;3;5;3;2;4;2;1;1;0;0;1
21835;0.0039201628337416795;-0.0353856606164798;0;0;0;0;0;1;1;2;0;3;3;0;14;14;1;0;1;0;0;0
21836;0.0158414878495746;-0.0269810111467017;0;0;0;0;0;0;2;1;0;1;0;0;16;16;2;0;0;1;0;1
21837;-0.050377803201725;0.0554824506387781;10;4;3;10;1;10;2;0;0;0;0;0;0;0;0;0;0;0;0;0
21838;0.009027254180892971;-0.0330351192747136;0;0;0;0;0;0;0;0;0;1;1;1;17;14;3;2;0;0;0;1
21839;0.0380747994734772;0.0159693810354856;0;0;0;0;0;0;0;0;0;0;1;0;1;2;0;3;0;12;17;4
21840;-0.028973513843539;-0.00562701682724602;1;0;1;1;2;18;2;0;9;3;0;0;0;1;1;1;0;0;0;0
21841;-0.0500389940595821;0.0542587881080576;15;0;1;15;1;7;0;0;1;0;0;0;0;0;0;0;0;0;0;0
21842;-0.055110132990063;0.0734359948149837;8;4;1;11;0;11;0;0;5;0;0;0;0;0;0;0;0;0;0;0
21843;-0.00896951552528608;-0.0329859623665921;0;1;3;0;1;13;3;0;14;0;1;2;1;1;0;0;0;0;0;0
21844;0.0137286891079471;-0.0292149161079469;0;0;0;0;0;0;2;2;2;0;2;2;10;13;1;4;0;1;0;1
21845;0.0119160439749313;-0.0308758845395235;0;0;0;0;0;1;0;0;1;2;1;1;17;16;1;0;0;0;0;0
21846;-0.0201820901012838;-0.0211914959387408;1;2;2;1;2;12;3;1;10;1;2;1;1;0;1;0;0;0;0;0
21847;0.00629398434331202;-0.0345261599179313;0;1;0;0;1;0;2;1;2;3;2;2;8;10;2;1;2;1;1;1
21848;0.0263941549783579;-0.0110227533188804;0;0;0;0;0;0;0;0;1;1;1;0;18;17;0;0;0;1;0;1
21849;0.0448126919890996;0.0359971928550554;0;0;0;0;0;0;0;0;0;0;0;0;0;0;0;0;1;19;19;1
21850;-0.00907625349371593;-0.0329162637635462;0;0;0;1;2;17;0;2;14;0;1;2;1;0;0;0;0;0;0;0
21851;0.0393985606233809;0.0196467176199378;0;0;0;0;0;0;0;0;0;0;0;0;0;1;0;0;0;19;18;2
21852;0.0177675485030124;-0.0246651325512041;0;0;0;0;0;0;0;0;0;0;0;0;20;18;1;0;0;0;1;0
21853;0.0037642531613618396;-0.0354279448408457;0;0;0;0;2;2;1;1;4;2;4;1;8;10;1;0;1;2;1;0
21854;-0.0165732849855918;-0.0259732158631468;0;0;1;0;1;16;2;1;18;1;0;0;0;0;0;0;0;0;0;0
21855;0.0348278453993066;0.0074825865290477;0;0;0;0;0;0;0;0;0;0;0;2;2;1;1;4;0;15;13;2
21856;-0.006323163836124471;-0.0344523063731798;0;0;0;0;0;19;1;0;17;2;0;0;1;0;0;0;0;0;0;0
21857;0.0422263212889297;0.0279237524319772;0;0;0;0;0;0;0;0;0;0;0;1;1;1;2;2;1;17;13;2
21858;0.0166156575414595;-0.0260821871614636;0;0;0;0;0;0;0;0;0;1;0;0;16;20;1;1;0;0;0;1
21859;-0.0389168512861226;0.0186680025934393;1;0;2;1;1;16;2;0;14;2;1;0;0;0;0;0;0;0;0;0
21860;-0.0122991409350638;-0.0304263121735648;0;1;0;0;1;9;2;4;10;3;3;3;0;2;0;0;0;0;1;1
21861;-0.0525248279326018;0.0634284722734753;13;2;1;12;1;8;0;2;1;0;0;0;0;0;0;0;0;0;0;0
21862;0.033731019873216;0.0047868661890898894;0;0;0;0;0;0;0;0;0;0;0;0;2;0;3;0;3;15;17;0
21863;0.0115802956619;-0.0311576295036163;0;0;0;0;0;1;0;0;1;2;0;2;13;11;2;1;3;0;3;1
21864;-0.0467508867539355;0.0428116277974338;5;0;5;9;2;10;2;1;4;1;1;0;0;0;0;0;0;0;0;0
21865;0.0455954892498029;0.0385354514054406;0;0;0;0;0;0;0;0;0;1;0;0;0;0;0;1;1;17;19;1
21866;0.0478688946325184;0.0461566434305153;0;0;0;0;0;0;1;0;0;0;0;0;1;0;1;1;0;18;17;1
21867;0.0416380721928881;0.0261545909127664;0;0;0;0;0;0;0;0;0;0;0;0;0;1;1;1;2;14;19;2
21868;0.0212832210347776;-0.0197507430200671;0;0;0;0;0;0;0;0;0;1;2;0;17;16;1;1;0;1;1;0
21869;0.0388510567954103;0.018110516085916;0;0;0;0;0;0;0;0;0;0;0;0;0;0;1;0;1;18;19;1
21870;0.0390267791787252;0.0186012162699879;0;0;0;0;0;0;0;0;0;0;0;1;0;0;0;2;3;14;17;3
21871;-0.0394088039516933;0.020054408732713;2;1;2;0;0;21;1;0;12;0;1;0;0;0;0;0;0;0;0;0
21872;0.0402079698482234;0.0219572301892223;0;0;0;0;0;0;0;0;0;0;0;0;0;0;0;0;1;19;20;0
21873;0.0403751164024171;0.0224402241197799;0;0;0;0;0;0;0;0;0;0;0;0;0;0;0;0;1;18;21;0
21874;-0.0234345199087297;-0.0160804256613014;4;0;2;1;5;10;2;2;8;1;1;1;1;1;1;0;0;0;0;0
21875;0.00302204746384585;-0.035605295278409;0;0;0;0;0;6;2;2;7;5;1;3;4;2;1;1;6;0;0;0
21876;0.0254187168383728;-0.012833411778955;0;0;0;0;0;0;0;1;0;0;1;1;15;14;2;3;0;1;1;1
21877;-0.00980168706009255;-0.0324208807606673;0;0;0;1;1;17;1;0;18;1;0;1;0;0;0;0;0;0;0;0
21878;0.00780859804222465;-0.0337662136019338;0;0;0;0;0;0;0;0;0;0;0;1;19;18;1;1;0;0;0;0
21879;0.0502032326964111;0.0543684454092731;0;0;0;0;0;0;0;0;0;0;0;0;0;0;0;1;0;21;18;0
21880;-0.0033644744299804697;-0.0354960544402413;0;1;0;1;0;14;1;0;11;1;3;3;2;1;1;0;0;0;1;0
21881;-0.000913477156761688;-0.0358844499352262;0;0;0;2;1;6;1;3;5;4;5;3;3;1;3;2;0;1;0;0
21882;0.0268851045200203;-0.0100855687654976;0;0;0;0;0;0;0;0;0;1;1;1;11;12;3;1;3;2;3;2
21883;0.0026464931019662898;-0.0356799562018323;0;0;0;2;1;0;1;2;3;1;2;3;9;10;0;2;0;0;3;1
21884;0.0504815378577238;0.0553735923600588;0;0;0;0;0;0;0;0;0;0;0;0;0;0;1;1;1;21;15;1
21885;-0.0552882987395078;0.07414334594430701;13;2;1;11;3;8;0;0;2;0;0;0;0;0;0;0;0;0;0;0
21886;-0.0484690394421178;0.0486962868784822;10;1;4;9;1;11;1;2;0;1;0;0;0;0;0;0;0;0;0;0
21887;-0.0479862585104431;0.0470213436069788;13;1;3;11;2;10;0;0;0;0;0;0;0;0;0;0;0;0;0;0
21888;-0.0117589381019033;-0.0308957176127024;0;0;0;0;0;17;0;0;20;0;1;1;1;0;0;0;0;0;0;0
21889;0.0108599415940849;-0.031734792541452006;0;0;1;0;0;0;0;0;0;0;1;1;18;17;1;0;0;0;0;1
21890;0.0014527338180749699;-0.0358499881427913;0;0;0;0;0;9;1;2;16;2;3;1;1;3;1;0;0;0;1;0
21891;0.0185912716844293;-0.0235933366664645;0;0;0;1;0;0;0;0;0;1;1;0;17;17;1;1;1;0;0;0
21892;0.0230365922879946;-0.0169679505106246;0;0;0;1;0;0;1;0;1;0;3;3;8;7;3;3;2;3;4;1
21893;-0.0161235690567204;-0.0265035377391168;0;0;1;0;0;18;2;2;17;0;0;0;0;0;0;0;0;0;0;0
21894;0.0459661545182858;0.0397527087707953;0;0;0;0;0;0;0;0;0;0;0;0;3;1;0;2;1;16;16;1
21895;0.00838829522848906;-0.0334317469774321;0;0;0;0;0;3;0;1;2;3;4;2;9;13;0;2;1;0;0;0
21896;0.008092470507863759;-0.0336054446587883;0;0;0;0;0;0;1;0;0;1;1;0;19;17;0;0;0;0;1;0
21897;0.0030406740370931802;-0.0356013285555841;0;0;0;0;1;2;0;1;6;2;4;5;8;7;0;2;1;0;0;1
21898;0.039333206610572;0.0194622136882296;0;0;0;0;0;0;0;0;0;0;0;1;0;0;0;4;5;10;14;6
21899;-0.0121910991314013;-0.0305218714379525;0;1;0;2;1;12;2;1;15;1;1;1;1;0;0;1;0;1;0;0
21900;0.0466520963750054;0.0420313610927495;0;0;0;0;0;0;0;0;0;0;0;1;1;0;2;0;1;17;18;0
21901;-0.0191124215000106;-0.0227063793234711;0;0;0;1;0;19;1;1;16;1;0;0;1;0;0;0;0;0;0;0
21902;0.00646807815806745;-0.0344471922195904;0;1;0;0;0;0;2;0;3;0;2;5;12;9;2;0;1;1;1;1
21903;-0.008322211724551309;-0.03339111216318;0;0;0;1;0;11;1;2;16;0;1;4;1;1;2;0;0;0;0;0
21904;-0.0305330686279093;-0.00228612132149055;3;0;3;3;1;14;0;1;13;0;0;1;1;0;0;0;0;0;0;0
21905;-0.0208915241159359;-0.0201414479367322;1;1;0;2;1;13;0;2;19;1;0;0;0;0;0;0;0;0;0;0
21906;-0.0379967252434194;0.0161216001455546;5;1;4;5;3;11;3;2;2;2;1;0;0;0;1;0;0;0;0;0
21907;0.0125195290515335;-0.030349107599682002;0;0;0;1;2;1;0;0;0;4;0;2;11;18;0;0;0;0;1;0
21908;-0.0261701658457014;-0.0111930664512716;1;2;0;1;1;16;1;1;12;3;1;0;0;1;0;0;0;0;0;0
21909;0.031544699817683;-0.000328731268917679;0;0;0;0;0;1;1;0;0;1;2;0;1;2;1;4;4;8;12;3
21910;-0.0254235535736599;-0.0125802649012701;0;0;2;1;1;16;1;0;16;1;1;1;0;0;0;0;0;0;0;0
21911;-0.0163114888426337;-0.026283702771572;1;0;0;2;0;17;2;1;12;1;2;0;1;1;0;0;0;0;0;0
21912;-0.0203630784103227;-0.0209270467527512;0;0;0;1;1;18;0;1;16;0;1;1;1;0;0;0;0;0;0;0
21913;0.0504092546521839;0.0551119942322277;0;0;0;0;0;0;0;0;0;0;0;0;0;0;0;0;2;18;19;1
21914;0.0373085415409411;0.0138982818628917;0;0;0;0;0;0;0;0;0;0;0;1;2;0;0;0;1;19;17;0
21915;0.00113327057468968;-0.0358781267435807;0;0;1;2;0;11;2;1;12;3;1;3;2;2;0;0;0;0;0;0
21916;-0.0340328644640659;0.005847183436443921;0;2;1;1;2;18;2;1;10;3;0;0;0;0;0;0;0;0;0;0
21917;0.0316295916486218;-0.000136507288538838;0;0;0;0;0;0;0;0;1;2;1;3;3;1;2;5;2;6;11;3
21918;-0.0049066125184835;-0.0350304938275238;0;1;0;0;3;9;3;2;9;2;0;1;5;3;0;1;1;0;0;0
21919;0.0077217963337882;-0.0338142173750977;0;0;0;0;0;1;0;0;1;1;1;1;18;16;0;0;1;0;0;0
21920;-0.00568611835425273;-0.0347301629832274;0;0;0;1;0;10;4;4;9;4;2;2;0;2;1;0;1;0;0;0
21921;-0.0040422921790112;-0.0353124691378943;0;0;0;1;1;13;1;2;12;1;2;1;3;1;0;1;0;0;0;1
21922;0.0286917559325062;-0.00648771380916535;0;0;0;0;0;0;0;1;0;1;0;0;15;12;5;1;0;1;2;2
21923;0.0542663734081115;0.0695955477939739;0;0;0;0;0;0;0;0;0;0;0;0;1;0;0;0;0;17;18;4
21924;0.0355738667711572;0.00936550008556515;0;0;0;0;0;0;0;0;0;0;0;1;3;1;0;3;2;11;16;3
21925;0.0317728716763509;0.000189101704231684;0;0;0;0;0;0;0;0;1;0;2;3;4;3;3;4;1;9;9;1
21926;0.0483865922886638;0.0479440346414128;0;0;0;0;0;0;0;0;0;0;1;0;0;0;0;0;0;22;17;0
21927;0.0138738797574452;-0.0290716643144055;0;0;0;1;0;0;1;0;1;1;1;1;15;13;2;2;2;0;0;0
21928;0.00346902226668411;-0.0355032302907978;0;0;0;0;0;0;1;0;1;1;2;1;14;19;0;0;0;0;0;1
21929;0.0382268123972649;0.016385266792237;0;0;0;0;0;0;0;0;0;0;2;0;3;2;0;0;0;15;18;0
21930;0.0208076372335508;-0.0204674707674156;0;0;0;0;0;0;0;1;0;0;0;2;18;16;0;1;0;1;0;1
21931;-0.0443301187323562;0.0348804006259485;7;5;1;6;2;9;3;2;5;0;0;0;0;0;0;0;0;0;0;0
21932;0.0439248580104813;0.0331716239222559;0;0;0;0;0;0;0;0;0;0;0;0;0;0;0;0;0;21;19;0
21933;-0.0491104076781527;0.050947324626817;13;0;1;10;2;10;2;0;1;0;0;1;0;0;0;0;0;0;0;0
21934;-0.0383285741900763;0.0170329633405797;1;4;0;3;0;15;1;1;13;0;0;0;1;1;0;0;0;0;0;0
21935;-0.0298263879299433;-0.00382162914219698;3;0;0;2;1;18;1;0;13;0;0;2;0;0;0;0;0;0;0;0
21936;0.034923021470286;0.0077205802823678;0;0;0;0;0;0;1;0;0;0;0;0;1;1;1;3;1;16;16;0
21937;-0.0376407402157154;0.0151527465930728;3;1;4;9;3;10;3;1;5;1;0;0;0;0;0;0;0;0;0;0
21938;-0.0464326594374305;0.04174497833858;10;3;2;10;1;9;1;0;2;0;1;0;0;0;0;0;1;0;0;0
21939;-0.040015845336867;0.0217891171162647;4;5;2;1;2;16;0;1;8;0;1;0;0;0;0;0;0;0;0;0
21940;0.0011163892409655099;-0.0358794097211233;1;1;1;0;1;5;4;3;6;3;0;0;4;5;0;4;1;0;1;0
21941;-0.0508290332866711;0.0571249437726404;11;4;3;10;0;10;1;0;1;0;0;0;0;0;0;0;0;0;0;0
21942;0.0266474734333661;-0.0105413502391342;0;0;0;0;0;0;0;0;0;0;1;2;12;14;1;3;4;1;0;2
21943;-0.004379307011045321;-0.035208904760348;1;0;0;1;0;15;1;0;13;1;0;1;2;2;2;0;1;0;0;0
21944;-0.00149306788654626;-0.0358315648478756;0;0;1;1;0;11;2;1;11;1;3;2;3;4;0;0;0;0;0;0
21945;-0.0534860558263874;0.0670932404132634;10;2;3;9;2;10;1;1;1;0;0;0;0;1;0;0;0;0;0;0
21946;-0.0112357100726934;-0.0313303870843066;0;0;1;2;0;16;2;0;13;1;2;1;0;1;0;1;0;0;0;0
21947;-0.0410498217341625;0.0248048000175592;4;2;3;4;4;14;1;1;7;0;0;0;0;0;0;0;0;0;0;0
21948;0.0225141118152806;-0.017820284309388;0;0;0;0;0;0;0;0;1;0;2;2;8;12;0;5;4;2;2;2
21949;0.0504199315082392;0.0551506109173742;0;0;0;0;0;0;0;0;0;0;0;0;0;0;1;3;1;17;17;1
21950;-0.0534937150980679;0.0671227086305687;14;1;0;12;3;8;1;0;1;0;0;0;0;0;0;0;0;0;0;0
21951;0.0235425769595882;-0.0161238349681587;0;0;0;0;0;0;0;0;1;0;0;4;16;13;1;2;1;0;2;0
21952;-0.0127953284794392;-0.0299766824757289;0;1;0;1;0;18;0;0;19;0;0;0;1;0;0;0;0;0;0;0
21953;-0.0072029006291482595;-0.0340206674791079;0;1;1;0;1;11;1;3;9;2;5;2;0;3;1;0;0;0;0;0
21954;0.0469449449594755;0.043014479901622;0;0;0;0;0;0;0;0;0;0;0;0;1;0;1;1;0;20;17;0
21955;0.0332554753387236;0.00364495537974703;0;0;0;0;0;0;0;0;1;1;1;2;3;2;3;4;3;8;10;2
21956;0.0296729910743814;-0.0044353751238887604;0;0;0;0;0;0;0;1;1;0;0;0;0;0;1;1;0;17;19;0
21957;0.0486839715100085;0.0489794656610126;0;0;0;0;0;0;0;0;0;0;0;0;1;0;0;1;5;15;18;0
21958;-0.0284501390132046;-0.00670903917879278;1;0;1;2;2;18;1;0;14;0;1;0;0;0;0;0;0;0;0;0
21959;-0.0309765311625133;-0.00130422561945248;1;2;3;1;2;14;2;1;13;1;0;0;0;0;0;0;0;0;0;0
21960;0.0208575878560551;-0.0203929564249289;0;0;0;0;0;1;1;0;1;2;1;3;14;9;1;0;2;1;3;1
21961;0.0340691374075435;0.00560865941691511;0;0;0;0;0;0;0;0;0;2;0;3;0;2;1;1;1;18;12;0
21962;0.039335366511943;0.0194683065028694;0;0;0;0;0;0;0;0;0;0;0;0;0;2;2;1;1;18;15;1
21963;-0.0285268318986784;-0.00655171519614396;0;2;1;1;1;17;2;0;16;0;0;0;0;0;0;0;0;0;0;0
21964;-0.0204620518311607;-0.0207814375018416;0;0;2;0;0;15;0;2;18;1;1;0;0;0;0;0;1;0;0;0
21965;-0.0213506438887331;-0.0194426245734535;2;0;2;1;3;12;2;0;12;1;2;0;1;1;1;0;0;0;0;0
21966;-0.0157278055695403;-0.0269582180847163;0;1;0;0;0;18;3;1;14;1;1;1;0;0;0;0;0;0;0;0
21967;0.0422227916971362;0.0279130630404771;0;0;0;0;0;0;0;0;0;0;0;0;0;0;0;1;2;17;19;1
21968;-0.0447654111684296;0.0362755176226569;8;1;4;6;4;11;0;1;4;1;0;0;0;0;0;0;0;0;0;0
21969;-0.0200501535915002;-0.0213827906467053;0;0;1;0;0;17;1;4;16;0;0;1;0;0;0;0;0;0;0;0
21970;0.0181177739220497;-0.0242153895979091;0;0;0;0;0;0;0;0;0;2;1;1;16;14;2;1;1;0;0;2
21971;0.0131582748343324;-0.0297630514027792;0;0;1;1;0;0;1;0;2;1;1;2;15;13;1;0;0;1;1;0
21972;0.0124313972273833;-0.0304276685092931;0;0;0;0;0;0;1;0;2;3;3;5;11;12;1;0;0;0;1;1
21973;-0.015297518256213997;-0.0274397948261068;0;1;1;0;0;16;0;0;21;0;0;0;0;1;0;0;0;0;0;0
21974;-0.0188772122982728;-0.0230284625341541;1;1;2;3;0;13;1;5;11;0;2;0;1;0;0;0;0;0;0;0
21975;0.0370122718999844;0.0131088091988375;0;0;0;0;0;0;0;0;1;0;0;1;2;0;1;1;2;13;17;2
21976;0.00268903676080683;-0.0356720073208514;0;0;0;0;1;1;0;3;1;5;2;2;10;9;2;0;2;0;2;0
21977;0.0242934118684525;-0.0148373495267742;0;0;0;0;0;0;0;0;0;0;0;0;18;15;1;2;0;1;1;2
21978;-0.0371699038140027;0.0138852951324924;2;4;3;3;2;13;1;2;9;1;0;0;0;0;0;0;0;0;0;0
21979;0.0469529420533941;0.0430414132756903;0;0;0;0;0;0;0;0;0;0;0;0;0;2;2;2;2;13;18;1
21980;0.0389957304329059;0.018514352110038997;0;0;0;0;0;0;0;0;0;0;0;0;0;1;1;2;1;17;16;2
21981;-0.0117018476321871;-0.0309441011507356;0;0;0;1;1;16;0;2;17;0;0;1;1;1;0;0;0;0;0;0
21982;-0.0307150259270284;-0.00188494840008466;2;2;1;2;0;16;1;1;13;1;1;0;0;0;0;0;0;0;0;0
21983;0.000750184699171301;-0.0359022022128115;0;0;0;0;2;4;4;0;5;3;3;2;6;2;5;2;1;0;1;0
21984;-0.0136974290379053;-0.0291139191851231;0;0;0;0;0;19;0;1;18;0;0;1;0;1;0;0;0;0;0;0
21985;-0.0476971265095486;0.0460262556903064;14;0;1;8;3;9;0;1;3;0;0;0;0;1;0;0;0;0;0;0
21986;0.0095108548890573;-0.0327154294584722;0;0;0;0;0;3;0;0;1;0;3;0;15;16;0;0;1;1;0;0
21987;-0.0548460113068426;0.072391578610559;16;2;0;12;1;6;2;0;1;0;0;0;0;0;0;0;0;0;0;0
21988;-0.0038095814194894603;-0.0353792187988762;0;0;2;0;3;9;2;3;9;0;1;1;6;3;0;1;0;0;0;0
21989;-0.033144132457799;0.00369847541935685;0;1;1;1;0;18;2;2;14;0;0;1;0;0;0;0;0;0;0;0
21990;-0.00272833041480458;-0.0356383290942988;1;0;0;1;1;14;0;0;10;3;3;1;2;2;1;0;0;1;0;0
21991;-0.0447112835149764;0.0361012968430968;6;1;2;8;1;13;0;1;6;1;0;0;1;0;0;0;0;0;0;0
21992;-0.0237463765697193;-0.0155504292996341;1;1;1;4;2;15;1;0;9;4;1;1;0;0;0;0;0;0;0;0
21993;-0.0427287626357412;0.0298651824979169;6;1;2;9;1;13;2;0;5;0;0;1;0;0;0;0;0;0;0;0
21994;-0.05445082398841201;0.0708382483143072;9;1;2;8;1;14;0;0;5;0;0;0;0;0;0;0;0;0;0;0
21995;-0.0304375560692473;-0.00249575206705405;1;1;1;3;1;16;0;0;16;0;0;1;0;0;0;0;0;0;0;0
21996;0.0381523470648691;0.0161813328081292;0;0;0;0;0;0;0;0;0;0;0;0;0;0;0;4;0;18;18;0
21997;-0.0300614730436676;-0.00331480770458601;0;3;2;0;0;17;1;1;15;0;0;0;1;0;0;0;0;0;0;0
21998;-0.0398048357358936;0.0211831251129121;10;3;1;12;0;7;1;1;0;2;2;0;1;0;0;0;0;0;0;0
21999;-0.0140537777320315;-0.0287570018649168;1;0;2;1;3;11;0;1;11;2;1;1;1;1;1;2;0;1;0;0
